1,000001,FUERZA DE TAREA,06 ENERO 2020,13,1,101,10,44,180,180,0,10,10,
2,000002,FUERZA DE TAREA,06 ENERO 2020,13,1,101,10,40,144,144,0,8,8,
3,000003,FUERZA DE TAREA,06 ENERO 2020,13,1,101,10,39,162,162,0,9,9,
4,000004,FUERZA DE TAREA,06 ENERO 2020,10,1,533,10,25,126,126,0,7,7,
5,000005,FUERZA DE TAREA,06 ENERO 2020,15,1,83,10,25,180,180,0,10,10,
6,000006,FUERZA DE TAREA,06 ENERO 2020,15,1,83,10,44,180,180,0,10,10,
7,000007,FUERZA DE TAREA,06 ENERO 2020,2,1,59,10,42,180,180,0,10,10,
8,000008,FUERZA DE TAREA,06 ENERO 2020,2,1,59,10,45,54,54,0,3,3,
9,000009,FUERZA DE TAREA,06 ENERO 2020,20,1,399,10,45,90,90,0,5,5,
10,000010,FUERZA DE TAREA,06 ENERO 2020,11,1,403,10,44,216,216,0,12,12,
11,000011,FUERZA DE TAREA,06 ENERO 2020,21,1,518,10,42,180,180,0,10,10,
12,000012,FUERZA DE TAREA,06 ENERO 2020,21,1,518,10,25,180,180,0,10,10,
13,000013,FUERZA DE TAREA,06 ENERO 2020,21,1,518,10,25,144,144,0,8,8,
14,000014,FUERZA DE TAREA,06 ENERO 2020,8,1,21,10,39,180,180,0,10,10,
15,000015,FUERZA DE TAREA,06 ENERO 2020,30,1,33,10,44,180,180,0,10,10,
16,000016,FUERZA DE TAREA,06 ENERO 2020,30,1,33,10,42,180,180,0,10,10,
17,000017,FUERZA DE TAREA,06 ENERO 2020,30,1,33,10,25,162,162,0,9,9,
18,000018,FUERZA DE TAREA,06 ENERO 2020,30,1,33,10,45,180,180,0,10,10,
19,000019,FUERZA DE TAREA,06 ENERO 2020,30,1,33,10,45,108,108,0,6,6,
20,000020,FUERZA DE TAREA,06 ENERO 2020,30,1,33,10,40,180,180,0,10,10,
21,000021,FUERZA DE TAREA,06 ENERO 2020,30,1,33,10,39,180,180,0,10,10,
22,000022,FUERZA DE TAREA,07 ENERO 2020,11,1,403,10,39,180,180,0,10,10,
23,000023,FUERZA DE TAREA,07 ENERO 2020,13,1,30,10,40,162,162,0,9,9,
24,000024,FUERZA DE TAREA,07 ENERO 2020,13,1,30,10,39,126,126,0,7,7,
25,000025,FUERZA DE TAREA,07 ENERO 2020,15,1,260,10,40,180,180,0,10,10,
26,000026,FUERZA DE TAREA,07 ENERO 2020,15,1,260,10,39,54,54,0,3,3,
27,000027,FUERZA DE TAREA,07 ENERO 2020,10,1,534,10,40,180,180,0,10,10,
28,000028,FUERZA DE TAREA,07 ENERO 2020,55,1,503,10,44,126,126,0,7,7,
29,000029,FUERZA DE TAREA,07 ENERO 2020,55,1,503,10,44,90,90,0,5,5,
30,000030,FUERZA DE TAREA,07 ENERO 2020,55,1,503,10,44,144,144,0,8,8,
31,000031,FUERZA DE TAREA,07 ENERO 2020,55,1,503,10,44,36,36,0,2,2,
32,000032,FUERZA DE TAREA,07 ENERO 2020,8,1,426,10,39,180,180,0,10,10,
33,000033,FUERZA DE TAREA,07 ENERO 2020,21,1,518,10,39,180,180,0,10,10,
34,000034,FUERZA DE TAREA,07 ENERO 2020,21,1,518,10,39,180,180,0,10,10,
35,000035,FUERZA DE TAREA,07 ENERO 2020,21,1,518,10,40,162,162,0,9,9,
36,000036,FUERZA DE TAREA,07 ENERO 2020,21,1,518,10,44,180,180,0,10,10,
37,000037,FUERZA DE TAREA,07 ENERO 2020,2,1,59,10,39,180,180,0,10,10,
38,000038,FUERZA DE TAREA,07 ENERO 2020,20,1,399,10,44,90,90,0,5,5,
39,000039,FUERZA DE TAREA,07 ENERO 2020,30,1,33,10,45,162,162,0,9,9,
40,000040,FUERZA DE TAREA,07 ENERO 2020,30,1,33,10,42,126,126,0,7,7,
41,000041,FUERZA DE TAREA,07 ENERO 2020,30,1,33,10,39,162,162,0,9,9,
42,000042,FUERZA DE TAREA,07 ENERO 2020,30,1,33,10,44,162,162,0,9,9,
43,000043,FUERZA DE TAREA,07 ENERO 2020,30,1,33,10,44,144,144,0,8,8,
44,000044,FUERZA DE TAREA,07 ENERO 2020,30,1,33,10,44,126,126,0,7,7,
45,000045,FUERZA DE TAREA,07 ENERO 2020,30,1,33,10,40,162,162,0,9,9,
46,000046,FUERZA DE TAREA,07 ENERO 2020,30,1,33,10,39,126,126,0,7,7,
47,000047,FUERZA DE TAREA,07 ENERO 2020,30,1,33,10,40,54,54,0,3,3,
48,000048,FUERZA DE TAREA,07 ENERO 2020,9,1,535,10,39,72,72,0,4,4,
49,000049,FUERZA DE TAREA,08 ENERO 2020,13,1,391,10,25,144,144,0,8,8,
50,000050,FUERZA DE TAREA,08 ENERO 2020,13,1,391,10,39,144,144,0,8,8,
51,000051,FUERZA DE TAREA,08 ENERO 2020,55,1,536,10,25,126,126,0,7,7,
52,000052,FUERZA DE TAREA,08 ENERO 2020,55,1,536,10,39,144,144,0,8,8,
53,000053,FUERZA DE TAREA,08 ENERO 2020,55,1,536,10,44,108,108,0,6,6,
54,000054,FUERZA DE TAREA,08 ENERO 2020,14,1,537,10,25,180,180,0,10,10,
55,000055,FUERZA DE TAREA,08 ENERO 2020,14,1,537,10,40,180,180,0,10,10,
56,000056,FUERZA DE TAREA,08 ENERO 2020,14,1,537,10,40,180,180,0,10,10,
57,000057,FUERZA DE TAREA,08 ENERO 2020,15,1,83,10,44,180,180,0,10,10,
58,000058,FUERZA DE TAREA,08 ENERO 2020,15,1,83,10,40,180,180,0,10,10,
59,000059,FUERZA DE TAREA,08 ENERO 2020,11,1,403,10,25,162,162,0,9,9,
60,000060,FUERZA DE TAREA,08 ENERO 2020,20,1,399,10,39,108,108,0,6,6,
61,000061,FUERZA DE TAREA,08 ENERO 2020,10,1,539,10,44,162,162,0,9,9,
62,000062,FUERZA DE TAREA,08 ENERO 2020,2,1,59,10,40,162,162,0,9,9,
63,000063,FUERZA DE TAREA,08 ENERO 2020,8,1,21,10,44,180,180,0,10,10,
64,000064,FUERZA DE TAREA,08 ENERO 2020,9,1,178,10,41,180,180,0,10,10,
65,000065,FUERZA DE TAREA,08 ENERO 2020,43,1,531,10,25,108,108,0,6,6,
66,000066,FUERZA DE TAREA,08 ENERO 2020,21,1,238,10,45,180,180,0,10,10,
67,000067,FUERZA DE TAREA,08 ENERO 2020,21,1,238,10,40,180,180,0,10,10,
68,000068,FUERZA DE TAREA,08 ENERO 2020,21,1,238,10,42,180,180,0,10,10,
69,000069,FUERZA DE TAREA,08 ENERO 2020,21,1,238,10,44,180,180,0,10,10,
70,000070,FUERZA DE TAREA,08 ENERO 2020,30,1,33,10,42,72,72,0,4,4,
71,000071,FUERZA DE TAREA,08 ENERO 2020,30,1,33,10,39,162,162,0,9,9,
72,000072,FUERZA DE TAREA,08 ENERO 2020,30,1,33,10,39,90,90,0,5,5,
73,000073,FUERZA DE TAREA,08 ENERO 2020,30,1,33,10,45,126,126,0,7,7,
74,000074,FUERZA DE TAREA,08 ENERO 2020,30,1,33,10,44,54,54,0,3,3,
75,000075,FUERZA DE TAREA,08 ENERO 2020,30,1,33,10,40,72,72,0,4,4,
76,000076,FUERZA DE TAREA,08 ENERO 2020,30,1,33,10,44,162,162,0,9,9,
77,000077,FUERZA DE TAREA,08 ENERO 2020,30,1,33,10,41,18,18,0,1,1,
78,000078,FUERZA DE TAREA,08 ENERO 2020,30,1,33,10,42,126,126,0,7,7,SIN NOVEDAD
79,000079,FUERZA DE TAREA,08 ENERO 2020,20,1,256,10,44,90,90,0,5,5,
80,000080,FUERZA DE TAREA,09 ENERO 2020,55,1,540,10,39,36,36,0,2,2,SIN NOVEDAD
81,000081,FUERZA DE TAREA,09 ENERO 2020,55,1,541,10,42,144,144,0,8,8,
82,000082,FUERZA DE TAREA,09 ENERO 2020,31,1,210,10,39,180,180,0,10,10,
83,000083,FUERZA DE TAREA,09 ENERO 2020,31,1,210,10,44,144,144,0,8,8,
84,000084,FUERZA DE TAREA,09 ENERO 2020,31,1,210,10,39,180,180,0,10,10,
85,000085,FUERZA DE TAREA,09 ENERO 2020,31,1,210,10,39,144,144,0,8,8,
86,000086,FUERZA DE TAREA,09 ENERO 2020,31,1,210,10,41,144,144,0,8,8,
87,000087,FUERZA DE TAREA,09 ENERO 2020,55,1,503,10,25,162,162,0,9,9,
88,000088,FUERZA DE TAREA,09 ENERO 2020,55,1,503,10,44,126,126,0,7,7,
89,000089,FUERZA DE TAREA,09 ENERO 2020,55,1,503,10,42,18,18,0,1,1,
90,000090,FUERZA DE TAREA,09 ENERO 2020,14,1,542,10,44,180,180,0,10,10,
91,000091,FUERZA DE TAREA,09 ENERO 2020,14,1,542,10,42,180,180,0,10,10,
92,000092,FUERZA DE TAREA,09 ENERO 2020,14,1,542,10,41,90,90,0,5,5,
93,000093,FUERZA DE TAREA,09 ENERO 2020,10,1,543,10,42,144,144,0,8,8,
94,000094,FUERZA DE TAREA,09 ENERO 2020,13,1,101,10,25,36,36,0,2,2,
95,000095,FUERZA DE TAREA,09 ENERO 2020,13,1,101,10,42,180,180,0,10,10,
96,000096,FUERZA DE TAREA,09 ENERO 2020,15,1,260,10,40,180,180,0,10,10,
97,000097,FUERZA DE TAREA,09 ENERO 2020,15,1,260,10,44,90,90,0,5,5,
98,000098,FUERZA DE TAREA,09 ENERO 2020,30,1,33,10,42,126,126,0,7,7,
99,000099,FUERZA DE TAREA,09 ENERO 2020,30,1,33,10,44,126,126,0,7,7,
100,000100,FUERZA DE TAREA,09 ENERO 2020,30,1,33,10,45,126,126,0,7,7,
101,000101,FUERZA DE TAREA,09 ENERO 2020,30,1,33,10,45,90,90,0,5,5,
102,000102,FUERZA DE TAREA,09 ENERO 2020,30,1,33,10,40,126,126,0,7,7,
103,000103,FUERZA DE TAREA,09 ENERO 2020,11,1,403,10,40,162,162,0,9,9,
104,000104,FUERZA DE TAREA,09 ENERO 2020,2,1,59,10,41,180,180,0,10,10,
105,000105,FUERZA DE TAREA,09 ENERO 2020,9,1,178,10,25,162,162,0,9,9,
106,000106,FUERZA DE TAREA,09 ENERO 2020,8,1,426,10,45,180,180,0,10,10,
107,000107,FUERZA DE TAREA,10 ENERO 2020,31,1,294,10,39,180,180,0,10,10,
108,000108,FUERZA DE TAREA,10 ENERO 2020,31,1,294,10,25,180,180,0,10,10,
109,000109,FUERZA DE TAREA,10 ENERO 2020,31,1,294,10,42,144,144,0,8,8,
110,000110,FUERZA DE TAREA,10 ENERO 2020,31,1,294,10,39,180,180,0,10,10,
111,000111,FUERZA DE TAREA,10 ENERO 2020,31,1,294,10,25,180,180,0,10,10,
112,000112,FUERZA DE TAREA,10 ENERO 2020,15,1,83,10,41,180,180,0,10,10,
113,000113,FUERZA DE TAREA,10 ENERO 2020,15,1,83,10,39,180,180,0,10,10,
114,000114,FUERZA DE TAREA,10 ENERO 2020,15,1,83,10,39,90,90,0,5,5,
115,000115,FUERZA DE TAREA,10 ENERO 2020,13,1,30,10,42,180,180,0,10,10,
116,000116,FUERZA DE TAREA,10 ENERO 2020,13,1,30,10,39,72,72,0,4,4,
117,000117,FUERZA DE TAREA,10 ENERO 2020,10,1,506,10,39,144,144,0,8,8,
118,000118,FUERZA DE TAREA,10 ENERO 2020,31,1,294,10,41,54,54,0,3,3,
119,000119,FUERZA DE TAREA,10 ENERO 2020,2,1,59,10,42,180,180,0,10,10,
120,000120,FUERZA DE TAREA,10 ENERO 2020,20,1,463,10,41,90,90,0,5,5,
121,000121,FUERZA DE TAREA,10 ENERO 2020,14,1,544,10,42,144,144,0,8,8,
122,000122,FUERZA DE TAREA,10 ENERO 2020,14,1,544,10,41,144,144,0,8,8,
123,000123,FUERZA DE TAREA,10 ENERO 2020,14,1,544,10,42,162,162,0,9,9,
124,000124,FUERZA DE TAREA,10 ENERO 2020,14,1,544,10,42,36,36,0,2,2,
125,000125,FUERZA DE TAREA,10 ENERO 2020,8,1,21,10,25,162,162,0,9,9,
126,000126,FUERZA DE TAREA,10 ENERO 2020,9,1,545,10,42,108,108,0,6,6,
127,000127,FUERZA DE TAREA,10 ENERO 2020,11,1,403,10,40,180,180,0,10,10,
128,000128,FUERZA DE TAREA,10 ENERO 2020,30,1,33,10,42,162,162,0,9,9,
129,000129,FUERZA DE TAREA,10 ENERO 2020,30,1,33,10,25,162,162,0,9,9,
130,000130,FUERZA DE TAREA,10 ENERO 2020,30,1,33,10,45,162,162,0,9,9,
131,000131,FUERZA DE TAREA,10 ENERO 2020,30,1,33,10,45,144,144,0,8,8,
132,000132,FUERZA DE TAREA,10 ENERO 2020,30,1,33,10,40,180,180,0,10,10,
133,000133,FUERZA DE TAREA,13 ENERO 2020,56,1,514,10,44,212,212,0,10,10,SE LE MINISTRAN 50 CARTUCHOS AL DIRECTOR DE LA BRIGADA DE  VIGILANCIA ANIMAL
134,000134,FUERZA DE TAREA,13 ENERO 2020,56,1,514,10,25,180,180,0,10,10,
135,000135,FUERZA DE TAREA,13 ENERO 2020,56,1,514,10,44,36,36,0,2,2,
136,000136,FUERZA DE TAREA,13 ENERO 2020,10,1,546,10,42,180,180,0,10,10,
137,000137,FUERZA DE TAREA,13 ENERO 2020,15,1,260,10,25,108,108,0,6,6,
138,000138,FUERZA DE TAREA,13 ENERO 2020,15,1,260,10,44,162,162,0,9,9,
139,000139,FUERZA DE TAREA,13 ENERO 2020,13,1,30,10,25,162,162,0,9,9,
140,000140,FUERZA DE TAREA,13 ENERO 2020,14,1,547,10,44,144,144,0,8,8,
141,000141,FUERZA DE TAREA,13 ENERO 2020,14,1,547,10,42,144,144,0,8,8,
142,000142,FUERZA DE TAREA,13 ENERO 2020,14,1,547,10,25,18,18,0,1,1,
143,000143,FUERZA DE TAREA,13 ENERO 2020,4,1,18,10,25,144,144,0,8,8,
144,000144,FUERZA DE TAREA,13 ENERO 2020,4,1,18,10,44,180,180,0,10,10,
145,000145,FUERZA DE TAREA,13 ENERO 2020,4,1,18,10,25,72,72,0,4,4,
146,000146,FUERZA DE TAREA,13 ENERO 2020,8,1,426,10,42,180,180,0,10,10,
147,000147,FUERZA DE TAREA,13 ENERO 2020,9,1,178,10,42,180,180,0,10,10,
148,000148,FUERZA DE TAREA,13 ENERO 2020,9,1,178,10,25,18,18,0,1,1,
149,000149,FUERZA DE TAREA,13 ENERO 2020,11,1,403,10,42,180,180,0,10,10,
150,000150,FUERZA DE TAREA,13 ENERO 2020,24,1,395,10,44,90,90,0,5,5,
151,000151,FUERZA DE TAREA,13 ENERO 2020,24,1,395,10,42,144,144,0,8,8,
152,000152,FUERZA DE TAREA,13 ENERO 2020,30,1,33,10,40,72,72,0,4,4,
153,000153,FUERZA DE TAREA,13 ENERO 2020,30,1,33,10,44,90,90,0,5,5,
154,000154,FUERZA DE TAREA,13 ENERO 2020,3,3,497,10,39,75,43,0,2,10,SE LE MINISTRAN 25 CARTUCHOS AL SUB DIRECTOR DE LA U.P.M. FUERZA DE TAREA, modal cerrado enrter
155,000155,FUERZA DE TAREA,13 ENERO 2020,2,1,59,10,40,126,126,0,7,7,
156,000156,FUERZA DE TAREA,13 ENERO 2020,20,1,463,10,45,18,18,0,1,1,
157,000157,FUERZA DE TAREA,14 ENERO 2020,56,1,517,10,25,187,187,0,10,10,SE LE MINISTRAN 25 CARTUCHOS AL SUB DIRECTOR DE LA BRIGADA DE  VIGILANCIA ANIMAL
158,000158,FUERZA DE TAREA,14 ENERO 2020,56,1,517,10,42,180,180,0,10,10,
159,000159,FUERZA DE TAREA,14 ENERO 2020,15,1,83,10,44,126,126,0,7,7,
160,000160,FUERZA DE TAREA,14 ENERO 2020,15,1,83,10,44,180,180,0,10,10,
161,000161,FUERZA DE TAREA,14 ENERO 2020,15,1,83,10,39,180,180,0,10,10,
162,000162,FUERZA DE TAREA,14 ENERO 2020,14,1,548,10,44,162,162,0,9,9,
163,000163,FUERZA DE TAREA,14 ENERO 2020,14,1,548,10,39,72,72,0,4,4,
164,000164,FUERZA DE TAREA,14 ENERO 2020,14,1,548,10,25,90,90,0,5,5,
165,000165,FUERZA DE TAREA,14 ENERO 2020,13,1,391,10,25,180,180,0,10,10,
166,000166,FUERZA DE TAREA,14 ENERO 2020,13,1,391,10,25,54,54,0,3,3,
167,000167,FUERZA DE TAREA,14 ENERO 2020,4,1,18,10,44,144,144,0,8,8,
168,000168,FUERZA DE TAREA,14 ENERO 2020,4,1,18,10,25,180,180,0,10,10,
169,000169,FUERZA DE TAREA,14 ENERO 2020,4,1,18,10,25,180,180,0,10,10,
170,000170,FUERZA DE TAREA,14 ENERO 2020,2,1,59,10,25,180,180,0,10,10,
171,000171,FUERZA DE TAREA,14 ENERO 2020,10,1,291,10,44,126,126,0,7,7,
172,000172,FUERZA DE TAREA,14 ENERO 2020,20,1,169,10,41,90,90,0,5,5,
173,000173,FUERZA DE TAREA,14 ENERO 2020,9,1,545,10,40,18,18,0,1,1,
174,000174,FUERZA DE TAREA,14 ENERO 2020,9,1,545,10,40,126,126,0,7,7,
175,000175,FUERZA DE TAREA,14 ENERO 2020,58,1,285,10,45,126,126,0,7,7,
176,000176,FUERZA DE TAREA,14 ENERO 2020,11,1,403,10,40,162,162,0,9,9,
177,000177,FUERZA DE TAREA,14 ENERO 2020,8,1,21,10,45,144,144,0,8,8,
178,000178,FUERZA DE TAREA,14 ENERO 2020,30,1,33,10,42,162,162,0,9,9,
179,000179,FUERZA DE TAREA,14 ENERO 2020,30,1,33,10,44,162,162,0,9,9,
180,000180,FUERZA DE TAREA,14 ENERO 2020,30,1,33,10,41,108,108,0,6,6,
181,000181,FUERZA DE TAREA,14 ENERO 2020,30,1,33,10,44,126,126,0,7,7,
182,000182,FUERZA DE TAREA,14 ENERO 2020,30,1,33,10,45,36,36,0,2,2,
183,000183,FUERZA DE TAREA,14 ENERO 2020,30,1,33,10,39,126,126,0,7,7,
184,000184,FUERZA DE TAREA,14 ENERO 2020,30,1,33,10,39,126,126,0,7,7,
185,000185,FUERZA DE TAREA,14 ENERO 2020,30,1,33,10,40,144,144,0,8,8,
186,000186,FUERZA DE TAREA,14 ENERO 2020,43,1,531,10,39,90,90,0,5,5,
187,000187,FUERZA DE TAREA,15 ENERO 2020,20,1,256,10,44,90,90,0,5,5,
188,000188,FUERZA DE TAREA,15 ENERO 2020,56,1,549,10,25,162,162,0,9,9,
189,000189,FUERZA DE TAREA,15 ENERO 2020,56,1,549,10,39,162,162,0,9,9,
190,000190,FUERZA DE TAREA,15 ENERO 2020,56,1,549,10,44,54,54,0,3,3,
191,000191,FUERZA DE TAREA,15 ENERO 2020,10,1,550,10,39,162,162,0,9,9,
192,000192,FUERZA DE TAREA,15 ENERO 2020,15,1,260,10,39,144,144,0,8,8,
193,000193,FUERZA DE TAREA,15 ENERO 2020,15,1,260,10,25,126,126,0,7,7,
194,000194,FUERZA DE TAREA,15 ENERO 2020,13,1,101,10,42,54,54,0,3,3,
195,000195,FUERZA DE TAREA,15 ENERO 2020,13,1,101,10,44,144,144,0,8,8,
196,000196,FUERZA DE TAREA,15 ENERO 2020,4,1,18,10,39,144,144,0,8,8,
197,000197,FUERZA DE TAREA,15 ENERO 2020,4,1,18,10,25,144,144,0,8,8,
198,000198,FUERZA DE TAREA,15 ENERO 2020,4,1,18,10,44,162,162,0,9,9,
199,000199,FUERZA DE TAREA,15 ENERO 2020,58,1,278,10,39,180,180,0,10,10,
200,000200,FUERZA DE TAREA,15 ENERO 2020,58,1,278,10,42,180,180,0,10,10,
201,000201,FUERZA DE TAREA,15 ENERO 2020,58,1,278,10,44,108,108,0,6,6,
202,000202,FUERZA DE TAREA,15 ENERO 2020,58,1,278,10,44,180,180,0,10,10,
203,000203,FUERZA DE TAREA,15 ENERO 2020,21,1,396,10,25,162,162,0,9,9,
204,000204,FUERZA DE TAREA,15 ENERO 2020,21,1,396,10,39,144,144,0,8,8,
205,000205,FUERZA DE TAREA,15 ENERO 2020,9,1,178,10,44,126,126,0,7,7,
206,000206,FUERZA DE TAREA,15 ENERO 2020,9,1,178,10,39,18,18,0,1,1,
207,000207,FUERZA DE TAREA,15 ENERO 2020,8,1,426,10,42,162,162,0,9,9,
208,000208,FUERZA DE TAREA,15 ENERO 2020,2,1,59,10,44,180,180,0,10,10,
209,000209,FUERZA DE TAREA,15 ENERO 2020,32,1,415,10,42,180,180,0,10,10,
210,000210,FUERZA DE TAREA,15 ENERO 2020,32,1,415,10,39,144,144,0,8,8,
211,000211,FUERZA DE TAREA,15 ENERO 2020,11,1,403,10,42,162,162,0,9,9,
212,000212,FUERZA DE TAREA,15 ENERO 2020,14,1,551,10,44,144,144,0,8,8,
213,000213,FUERZA DE TAREA,15 ENERO 2020,14,1,551,10,42,180,180,0,10,10,
214,000214,FUERZA DE TAREA,15 ENERO 2020,30,1,33,10,25,50,50,0,1,1,SE LE MINISTRAN 50 CARTUCHOS AL DIRECTOR DE LA U.P.M. FUERZA DE TAREA
215,000215,FUERZA DE TAREA,15 ENERO 2020,30,1,33,10,42,144,144,0,8,8,
216,000216,FUERZA DE TAREA,15 ENERO 2020,30,1,33,10,44,108,108,0,6,6,
217,000217,FUERZA DE TAREA,15 ENERO 2020,30,1,33,10,39,36,36,0,2,2,
218,000218,FUERZA DE TAREA,15 ENERO 2020,30,1,33,10,45,144,144,0,8,8,
219,000219,FUERZA DE TAREA,16 ENERO 2020,20,1,463,10,39,126,126,0,7,7,
220,000220,FUERZA DE TAREA,16 ENERO 2020,13,1,30,10,25,180,180,0,10,10,
221,000221,FUERZA DE TAREA,16 ENERO 2020,13,1,30,10,44,126,126,0,7,7,
222,000222,FUERZA DE TAREA,16 ENERO 2020,10,1,356,10,25,162,162,0,9,9,
223,000223,FUERZA DE TAREA,16 ENERO 2020,14,1,64,10,42,108,108,0,6,6,
224,000224,FUERZA DE TAREA,16 ENERO 2020,14,1,64,10,44,144,144,0,8,8,
225,000225,FUERZA DE TAREA,16 ENERO 2020,32,1,508,10,44,144,144,0,8,8,
226,000226,FUERZA DE TAREA,16 ENERO 2020,32,1,508,10,25,126,126,0,7,7,
227,000227,FUERZA DE TAREA,16 ENERO 2020,32,1,508,10,39,90,90,0,5,5,
228,000228,FUERZA DE TAREA,16 ENERO 2020,15,1,83,10,44,162,162,0,9,9,
229,000229,FUERZA DE TAREA,16 ENERO 2020,15,1,83,10,39,72,72,0,4,4,
230,000230,FUERZA DE TAREA,16 ENERO 2020,21,1,143,10,41,162,162,0,9,9,
231,000231,FUERZA DE TAREA,16 ENERO 2020,21,1,143,10,25,144,144,0,8,8,
232,000232,FUERZA DE TAREA,16 ENERO 2020,2,1,59,10,44,162,162,0,9,9,
233,000233,FUERZA DE TAREA,16 ENERO 2020,8,1,21,10,44,144,144,0,8,8,
234,000234,FUERZA DE TAREA,16 ENERO 2020,11,1,403,10,39,180,180,0,10,10,
235,000235,FUERZA DE TAREA,16 ENERO 2020,43,1,476,10,39,108,108,0,6,6,
236,000236,FUERZA DE TAREA,16 ENERO 2020,58,1,441,10,39,144,144,0,8,8,
237,000237,FUERZA DE TAREA,16 ENERO 2020,58,1,441,10,25,144,144,0,8,8,
238,000238,FUERZA DE TAREA,16 ENERO 2020,58,1,441,10,44,126,126,0,7,7,
239,000239,FUERZA DE TAREA,16 ENERO 2020,9,1,545,10,39,108,108,0,6,6,
240,000240,FUERZA DE TAREA,17 ENERO 2020,13,1,391,10,40,162,162,0,9,9,
241,000241,FUERZA DE TAREA,17 ENERO 2020,13,1,391,10,39,90,90,0,5,5,
242,000242,FUERZA DE TAREA,17 ENERO 2020,30,1,33,10,39,126,126,0,7,7,
243,000243,FUERZA DE TAREA,17 ENERO 2020,30,1,33,10,39,162,162,0,9,9,
244,000244,FUERZA DE TAREA,17 ENERO 2020,30,1,33,10,25,36,36,0,2,2,
245,000245,FUERZA DE TAREA,17 ENERO 2020,30,1,33,10,39,126,126,0,7,7,
246,000246,FUERZA DE TAREA,17 ENERO 2020,30,1,33,10,39,144,144,0,8,8,
247,000247,FUERZA DE TAREA,17 ENERO 2020,30,1,33,10,25,144,144,0,8,8,
248,000248,FUERZA DE TAREA,17 ENERO 2020,10,1,291,10,25,180,180,0,10,10,
249,000249,FUERZA DE TAREA,17 ENERO 2020,10,1,291,10,25,72,72,0,4,4,
250,000250,FUERZA DE TAREA,17 ENERO 2020,9,1,178,10,39,144,144,0,8,8,
251,000251,FUERZA DE TAREA,17 ENERO 2020,32,1,422,10,39,144,144,0,8,8,
252,000252,FUERZA DE TAREA,17 ENERO 2020,32,1,422,10,25,162,162,0,9,9,
253,000253,FUERZA DE TAREA,17 ENERO 2020,21,1,238,10,25,180,180,0,10,10,
254,000254,FUERZA DE TAREA,17 ENERO 2020,21,1,238,10,42,162,162,0,9,9,
255,000255,FUERZA DE TAREA,17 ENERO 2020,14,1,552,10,42,144,144,0,8,8,
256,000256,FUERZA DE TAREA,17 ENERO 2020,8,1,426,10,39,180,180,0,10,10,
257,000257,FUERZA DE TAREA,17 ENERO 2020,2,1,59,10,41,180,180,0,10,10,
258,000258,FUERZA DE TAREA,17 ENERO 2020,11,1,403,10,42,50,50,0,1,1,SE LE MINISTRAN 50 CARTUCHOS AL DIRECTOR DE LA U.P.C. ESTRELLA
259,000259,FUERZA DE TAREA,17 ENERO 2020,11,1,403,10,42,126,126,0,7,7,
260,000260,FUERZA DE TAREA,17 ENERO 2020,15,1,260,10,25,72,72,0,4,4,
261,000261,FUERZA DE TAREA,17 ENERO 2020,15,1,260,10,41,144,144,0,8,8,
262,000262,FUERZA DE TAREA,17 ENERO 2020,20,1,169,10,39,90,90,0,5,5,
263,000263,FUERZA DE TAREA,17 ENERO 2020,58,1,285,10,42,72,72,0,4,4,
264,000264,FUERZA DE TAREA,17 ENERO 2020,58,1,285,10,42,180,180,0,10,10,
265,000265,FUERZA DE TAREA,17 ENERO 2020,58,1,285,10,42,162,162,0,9,9,
266,000266,FUERZA DE TAREA,17 ENERO 2020,58,1,285,10,42,180,180,0,10,10,
267,000267,FUERZA DE TAREA,17 ENERO 2020,43,1,531,10,41,72,72,0,4,4,
268,000268,FUERZA DE TAREA,20 ENERO 2020,11,2,224,10,39,90,90,0,5,5,
269,000269,FUERZA DE TAREA,20 ENERO 2020,13,2,391,10,44,162,162,0,9,9,
270,000270,FUERZA DE TAREA,20 ENERO 2020,13,2,391,10,39,108,108,0,6,6,
271,000271,FUERZA DE TAREA,20 ENERO 2020,45,2,433,10,41,18,18,0,1,1,
272,000272,FUERZA DE TAREA,20 ENERO 2020,1,2,11,10,39,180,180,0,10,10,
273,000273,FUERZA DE TAREA,20 ENERO 2020,1,2,11,10,25,144,144,0,8,8,
274,000274,FUERZA DE TAREA,20 ENERO 2020,55,2,524,10,39,126,126,0,7,7,
275,000275,FUERZA DE TAREA,20 ENERO 2020,55,2,524,10,39,126,126,0,7,7,
276,000276,FUERZA DE TAREA,20 ENERO 2020,55,2,524,10,44,162,162,0,9,9,
277,000277,FUERZA DE TAREA,20 ENERO 2020,55,2,524,10,25,36,36,0,2,2,
278,000278,FUERZA DE TAREA,20 ENERO 2020,10,2,553,10,25,180,180,0,10,10,
279,000279,FUERZA DE TAREA,20 ENERO 2020,20,2,169,10,44,90,90,0,5,5,
280,000280,FUERZA DE TAREA,20 ENERO 2020,30,2,33,10,44,108,108,0,6,6,
281,000281,FUERZA DE TAREA,20 ENERO 2020,30,2,33,10,44,72,72,0,4,4,
282,000282,FUERZA DE TAREA,20 ENERO 2020,30,2,33,10,25,72,72,0,4,4,
283,000283,FUERZA DE TAREA,20 ENERO 2020,30,2,33,10,25,126,126,0,7,7,
284,000284,FUERZA DE TAREA,20 ENERO 2020,30,2,33,10,25,54,54,0,3,3,
285,000285,FUERZA DE TAREA,20 ENERO 2020,30,2,33,10,44,54,54,0,3,3,
286,000286,FUERZA DE TAREA,20 ENERO 2020,30,2,33,10,25,54,54,0,3,3,
287,000287,FUERZA DE TAREA,20 ENERO 2020,2,2,59,10,44,180,180,0,10,10,
288,000288,FUERZA DE TAREA,20 ENERO 2020,8,2,21,10,25,144,144,0,8,8,
289,000289,FUERZA DE TAREA,21 ENERO 2020,11,2,403,10,44,144,144,0,8,8,
290,000290,FUERZA DE TAREA,21 ENERO 2020,14,2,554,10,42,144,144,0,8,8,
291,000291,FUERZA DE TAREA,21 ENERO 2020,20,2,399,10,42,126,126,0,7,7,
292,000292,FUERZA DE TAREA,21 ENERO 2020,15,2,39,10,44,162,162,0,9,9,
293,000293,FUERZA DE TAREA,21 ENERO 2020,15,2,39,10,42,72,72,0,4,4,
294,000294,FUERZA DE TAREA,21 ENERO 2020,55,2,555,10,25,126,126,0,7,7,
295,000295,FUERZA DE TAREA,21 ENERO 2020,55,2,555,10,44,162,162,0,9,9,
296,000296,FUERZA DE TAREA,21 ENERO 2020,55,2,555,10,39,72,72,0,4,4,
297,000297,FUERZA DE TAREA,21 ENERO 2020,55,2,555,10,39,162,162,0,9,9,
298,000298,FUERZA DE TAREA,21 ENERO 2020,1,2,11,10,39,162,162,0,9,9,
299,000299,FUERZA DE TAREA,21 ENERO 2020,1,2,11,10,39,180,180,0,10,10,
300,000300,FUERZA DE TAREA,21 ENERO 2020,10,2,316,10,39,180,180,0,10,10,
301,000301,FUERZA DE TAREA,21 ENERO 2020,13,2,101,10,42,144,144,0,8,8,
302,000302,FUERZA DE TAREA,21 ENERO 2020,13,2,101,10,44,126,126,0,7,7,
303,000303,FUERZA DE TAREA,21 ENERO 2020,2,2,59,10,42,162,162,0,9,9,
304,000304,FUERZA DE TAREA,21 ENERO 2020,8,2,426,10,44,144,144,0,8,8,
305,000305,FUERZA DE TAREA,21 ENERO 2020,9,2,535,10,42,162,162,0,9,9,
306,000306,FUERZA DE TAREA,21 ENERO 2020,30,2,33,10,42,90,90,0,5,5,
307,000307,FUERZA DE TAREA,21 ENERO 2020,30,2,33,10,44,54,54,0,3,3,
308,000308,FUERZA DE TAREA,21 ENERO 2020,30,2,33,10,25,126,126,0,7,7,
309,000309,FUERZA DE TAREA,21 ENERO 2020,30,2,33,10,45,144,144,0,8,8,
310,000310,FUERZA DE TAREA,21 ENERO 2020,30,2,33,10,42,126,126,0,7,7,
311,000311,FUERZA DE TAREA,21 ENERO 2020,30,2,33,10,40,144,144,0,8,8,
312,000312,FUERZA DE TAREA,22 ENERO 2020,31,2,294,10,44,180,180,0,10,10,
313,000313,FUERZA DE TAREA,22 ENERO 2020,31,2,294,10,42,144,144,0,8,8,
314,000314,FUERZA DE TAREA,22 ENERO 2020,31,2,294,10,44,162,162,0,9,9,
315,000315,FUERZA DE TAREA,22 ENERO 2020,31,2,294,10,42,180,180,0,10,10,
316,000316,FUERZA DE TAREA,22 ENERO 2020,31,2,294,10,42,54,54,0,3,3,
317,000317,FUERZA DE TAREA,22 ENERO 2020,1,2,11,10,39,162,162,0,9,9,
318,000318,FUERZA DE TAREA,22 ENERO 2020,1,2,11,10,39,180,180,0,10,10,
319,000319,FUERZA DE TAREA,22 ENERO 2020,10,2,534,10,44,180,180,0,10,10,
320,000320,FUERZA DE TAREA,22 ENERO 2020,15,2,39,10,42,108,108,0,6,6,
321,000321,FUERZA DE TAREA,22 ENERO 2020,55,2,516,10,39,180,180,0,10,10,
322,000322,FUERZA DE TAREA,22 ENERO 2020,55,2,516,10,44,180,180,0,10,10,
323,000323,FUERZA DE TAREA,22 ENERO 2020,55,2,516,10,44,162,162,0,9,9,
324,000324,FUERZA DE TAREA,22 ENERO 2020,13,2,30,10,44,108,108,0,6,6,
325,000325,FUERZA DE TAREA,22 ENERO 2020,13,2,30,10,42,162,162,0,9,9,
326,000326,FUERZA DE TAREA,22 ENERO 2020,8,2,35,10,44,144,144,0,8,8,
327,000327,FUERZA DE TAREA,22 ENERO 2020,2,2,59,10,44,180,180,0,10,10,
328,000328,FUERZA DE TAREA,22 ENERO 2020,20,2,399,10,42,90,90,0,5,5,
329,000329,FUERZA DE TAREA,22 ENERO 2020,3,2,16,10,42,162,162,0,9,9,
330,000330,FUERZA DE TAREA,22 ENERO 2020,3,2,16,10,39,180,180,0,10,10,
331,000331,FUERZA DE TAREA,22 ENERO 2020,14,2,527,10,44,144,144,0,8,8,
332,000332,FUERZA DE TAREA,22 ENERO 2020,14,2,527,10,39,126,126,0,7,7,
333,000333,FUERZA DE TAREA,22 ENERO 2020,9,2,178,10,39,144,144,0,8,8,
334,000334,FUERZA DE TAREA,22 ENERO 2020,11,2,403,10,42,144,144,0,8,8,
335,000335,FUERZA DE TAREA,22 ENERO 2020,30,2,33,10,39,144,144,0,8,8,
336,000336,FUERZA DE TAREA,22 ENERO 2020,30,2,33,10,42,144,144,0,8,8,
337,000337,FUERZA DE TAREA,22 ENERO 2020,30,2,33,10,45,162,162,0,9,9,
338,000338,FUERZA DE TAREA,22 ENERO 2020,30,2,33,10,42,108,108,0,6,6,
339,000339,FUERZA DE TAREA,22 ENERO 2020,30,2,33,10,42,126,126,0,7,7,
340,000340,FUERZA DE TAREA,22 ENERO 2020,30,2,33,10,40,36,36,0,2,2,
341,000341,FUERZA DE TAREA,22 ENERO 2020,30,2,33,10,41,126,126,0,7,7,
342,000342,FUERZA DE TAREA,22 ENERO 2020,43,2,476,10,42,54,54,0,3,3,
343,000343,FUERZA DE TAREA,23 ENERO 2020,18,2,72,10,40,90,90,0,5,5,
344,000344,FUERZA DE TAREA,23 ENERO 2020,18,2,72,10,25,126,126,0,7,7,
345,000345,FUERZA DE TAREA,23 ENERO 2020,13,1,391,10,42,522,508,14,20,29,solo pruebas.
346,000346,FUERZA DE TAREA,23 ENERO 2020,13,2,391,10,25,126,126,0,7,7,
347,000347,FUERZA DE TAREA,23 ENERO 2020,3,2,16,10,25,180,180,0,10,10,
348,000348,FUERZA DE TAREA,23 ENERO 2020,3,2,16,10,25,162,162,0,9,9,
349,000349,FUERZA DE TAREA,23 ENERO 2020,3,2,16,10,42,180,180,0,10,10,
350,000350,FUERZA DE TAREA,23 ENERO 2020,10,2,291,10,42,180,180,0,10,10,
351,000351,FUERZA DE TAREA,23 ENERO 2020,1,2,11,10,25,180,180,0,10,10,
352,000352,FUERZA DE TAREA,23 ENERO 2020,1,2,11,10,42,180,180,0,10,10,
353,000353,FUERZA DE TAREA,23 ENERO 2020,15,2,260,10,25,162,162,0,9,9,
354,000354,FUERZA DE TAREA,23 ENERO 2020,15,2,260,10,25,162,162,0,9,9,
355,000355,FUERZA DE TAREA,23 ENERO 2020,2,2,59,10,42,162,162,0,9,9,
356,000356,FUERZA DE TAREA,23 ENERO 2020,20,2,399,10,42,90,90,0,5,5,
357,000357,FUERZA DE TAREA,23 ENERO 2020,11,2,403,10,42,108,108,0,6,6,
358,000358,FUERZA DE TAREA,23 ENERO 2020,14,2,556,10,42,126,126,0,7,7,
359,000359,FUERZA DE TAREA,23 ENERO 2020,14,2,556,10,25,144,144,0,8,8,
360,000360,FUERZA DE TAREA,23 ENERO 2020,14,2,556,10,42,108,108,0,6,6,
361,000361,FUERZA DE TAREA,23 ENERO 2020,8,2,21,10,42,162,162,0,9,9,
362,000362,FUERZA DE TAREA,23 ENERO 2020,21,2,238,10,42,180,180,0,10,10,
363,000363,FUERZA DE TAREA,23 ENERO 2020,21,2,238,10,25,90,90,0,5,5,
364,000364,FUERZA DE TAREA,23 ENERO 2020,21,2,238,10,42,90,90,0,5,5,
365,000365,FUERZA DE TAREA,23 ENERO 2020,30,2,33,10,39,72,72,0,4,4,
366,000366,FUERZA DE TAREA,23 ENERO 2020,30,2,33,10,25,126,126,0,7,7,
367,000367,FUERZA DE TAREA,23 ENERO 2020,30,2,33,10,42,144,144,0,8,8,
368,000368,FUERZA DE TAREA,23 ENERO 2020,30,2,33,10,39,126,126,0,7,7,
369,000369,FUERZA DE TAREA,23 ENERO 2020,30,2,33,10,45,126,126,0,7,7,
370,000370,FUERZA DE TAREA,23 ENERO 2020,30,2,33,10,40,108,108,0,6,6,
371,000371,FUERZA DE TAREA,23 ENERO 2020,30,2,33,10,45,180,180,0,10,10,
372,000372,FUERZA DE TAREA,23 ENERO 2020,30,2,33,10,40,54,54,0,3,3,
373,000373,FUERZA DE TAREA,23 ENERO 2020,43,2,531,10,42,54,54,0,3,3,
374,000374,FUERZA DE TAREA,24 ENERO 2020,20,2,256,10,39,36,36,0,2,2,
375,000375,FUERZA DE TAREA,24 ENERO 2020,47,2,428,10,45,108,108,0,6,6,
376,000376,FUERZA DE TAREA,24 ENERO 2020,47,2,428,10,25,144,144,0,8,8,
377,000377,FUERZA DE TAREA,24 ENERO 2020,47,2,428,10,42,126,126,0,7,7,
378,000378,FUERZA DE TAREA,24 ENERO 2020,13,2,101,10,42,162,162,0,9,9,
379,000379,FUERZA DE TAREA,24 ENERO 2020,13,2,101,10,45,162,162,0,9,9,
380,000380,FUERZA DE TAREA,24 ENERO 2020,1,2,11,10,25,162,162,0,9,9,
381,000381,FUERZA DE TAREA,24 ENERO 2020,1,2,11,10,42,162,162,0,9,9,
382,000382,FUERZA DE TAREA,24 ENERO 2020,14,2,557,10,45,180,180,0,10,10,
383,000383,FUERZA DE TAREA,24 ENERO 2020,14,2,557,10,25,162,162,0,9,9,
384,000384,FUERZA DE TAREA,24 ENERO 2020,14,2,557,10,42,108,108,0,6,6,
385,000385,FUERZA DE TAREA,24 ENERO 2020,10,2,558,10,42,180,180,0,10,10,
386,000386,FUERZA DE TAREA,24 ENERO 2020,15,2,39,10,45,180,180,0,10,10,
387,000387,FUERZA DE TAREA,24 ENERO 2020,15,2,39,10,25,180,180,0,10,10,
388,000388,FUERZA DE TAREA,24 ENERO 2020,3,2,16,10,45,180,180,0,10,10,
389,000389,FUERZA DE TAREA,24 ENERO 2020,3,2,16,10,45,180,180,0,10,10,
390,000390,FUERZA DE TAREA,24 ENERO 2020,3,2,16,10,42,180,180,0,10,10,
391,000391,FUERZA DE TAREA,24 ENERO 2020,2,2,59,10,45,180,180,0,10,10,
392,000392,FUERZA DE TAREA,24 ENERO 2020,11,2,403,10,45,162,162,0,9,9,
393,000393,FUERZA DE TAREA,24 ENERO 2020,8,2,426,10,42,162,162,0,9,9,
394,000394,FUERZA DE TAREA,24 ENERO 2020,30,2,33,10,42,108,108,0,6,6,
395,000395,FUERZA DE TAREA,24 ENERO 2020,30,2,33,10,42,126,126,0,7,7,
396,000396,FUERZA DE TAREA,24 ENERO 2020,30,2,33,10,25,162,162,0,9,9,
397,000397,FUERZA DE TAREA,24 ENERO 2020,30,2,33,10,25,108,108,0,6,6,
398,000398,FUERZA DE TAREA,24 ENERO 2020,30,2,33,10,42,126,126,0,7,7,
399,000399,FUERZA DE TAREA,24 ENERO 2020,30,2,33,10,45,108,108,0,6,6,
400,000400,FUERZA DE TAREA,24 ENERO 2020,30,2,33,10,45,180,180,0,10,10,
401,000401,FUERZA DE TAREA,24 ENERO 2020,30,2,33,10,41,108,108,0,6,6,
402,000402,FUERZA DE TAREA,27 ENERO 2020,15,2,39,10,39,180,180,0,10,10,
403,000403,FUERZA DE TAREA,27 ENERO 2020,15,2,39,10,42,36,36,0,2,2,
404,000404,FUERZA DE TAREA,27 ENERO 2020,13,2,101,10,42,162,162,0,9,9,
405,000405,FUERZA DE TAREA,27 ENERO 2020,13,2,101,10,39,180,180,0,10,10,
406,000406,FUERZA DE TAREA,27 ENERO 2020,14,2,559,10,25,126,126,0,7,7,
407,000407,FUERZA DE TAREA,27 ENERO 2020,14,2,559,10,39,36,36,0,2,2,
408,000408,FUERZA DE TAREA,27 ENERO 2020,8,2,426,10,42,162,162,0,9,9,
409,000409,FUERZA DE TAREA,27 ENERO 2020,8,2,426,10,25,90,90,0,5,5,
410,000410,FUERZA DE TAREA,27 ENERO 2020,30,2,33,10,42,90,90,0,5,5,
411,000411,FUERZA DE TAREA,27 ENERO 2020,30,2,33,10,25,144,144,0,8,8,
412,000412,FUERZA DE TAREA,27 ENERO 2020,30,2,33,10,42,108,108,0,6,6,
413,000413,FUERZA DE TAREA,27 ENERO 2020,30,2,33,10,25,162,162,0,9,9,
414,000414,FUERZA DE TAREA,27 ENERO 2020,11,2,403,10,42,162,162,0,9,9,
415,000415,FUERZA DE TAREA,27 ENERO 2020,2,2,59,10,25,162,162,0,9,9,
416,000416,FUERZA DE TAREA,27 ENERO 2020,20,2,399,10,42,72,72,0,4,4,
417,000417,FUERZA DE TAREA,27 ENERO 2020,43,2,317,10,42,144,144,0,8,8,
418,000418,FUERZA DE TAREA,28 ENERO 2020,14,2,560,10,25,90,90,0,5,5,
419,000419,FUERZA DE TAREA,28 ENERO 2020,11,2,403,10,25,180,180,0,10,10,
420,000420,FUERZA DE TAREA,28 ENERO 2020,3,2,16,10,42,180,180,0,10,10,
421,000421,FUERZA DE TAREA,28 ENERO 2020,3,2,16,10,25,180,180,0,10,10,
422,000422,FUERZA DE TAREA,28 ENERO 2020,3,2,16,10,42,90,90,0,5,5,
423,000423,FUERZA DE TAREA,28 ENERO 2020,13,2,30,10,25,162,162,0,9,9,
424,000424,FUERZA DE TAREA,28 ENERO 2020,13,2,30,10,42,180,180,0,10,10,
425,000425,FUERZA DE TAREA,28 ENERO 2020,14,2,492,10,25,180,180,0,10,10,
426,000426,FUERZA DE TAREA,28 ENERO 2020,14,2,492,10,39,126,126,0,7,7,
427,000427,FUERZA DE TAREA,28 ENERO 2020,15,2,83,10,42,126,126,0,7,7,
428,000428,FUERZA DE TAREA,28 ENERO 2020,9,2,178,10,25,90,90,0,5,5,
429,000429,FUERZA DE TAREA,28 ENERO 2020,2,2,59,10,39,162,162,0,9,9,
430,000430,FUERZA DE TAREA,28 ENERO 2020,20,2,399,10,39,72,72,0,4,4,
431,000431,FUERZA DE TAREA,28 ENERO 2020,10,2,404,10,25,108,108,0,6,6,
432,000432,FUERZA DE TAREA,28 ENERO 2020,43,2,453,10,42,126,126,0,7,7,
433,000433,FUERZA DE TAREA,28 ENERO 2020,30,2,33,10,41,126,126,0,7,7,
434,000434,FUERZA DE TAREA,28 ENERO 2020,30,2,33,10,25,72,72,0,4,4,
435,000435,FUERZA DE TAREA,28 ENERO 2020,30,2,33,10,42,144,144,0,8,8,
436,000436,FUERZA DE TAREA,28 ENERO 2020,30,2,33,10,39,144,144,0,8,8,
437,000437,FUERZA DE TAREA,28 ENERO 2020,30,2,33,10,42,90,90,0,5,5,
438,000438,FUERZA DE TAREA,28 ENERO 2020,30,2,33,10,39,108,108,0,6,6,
439,000439,FUERZA DE TAREA,28 ENERO 2020,30,2,33,10,39,108,108,0,6,6,
440,000440,FUERZA DE TAREA,28 ENERO 2020,30,2,33,10,42,79,79,0,4,4,SE LE MINISTRAN 25 CARTUCHOS AL SUB DIRECTOR DE LA U.P.M. FUERZA DE TAREA
441,000441,FUERZA DE TAREA,29 ENERO 2020,1,2,12,10,39,162,162,0,9,9,
442,000442,FUERZA DE TAREA,29 ENERO 2020,1,2,12,10,42,180,180,0,10,10,
443,000443,FUERZA DE TAREA,29 ENERO 2020,13,2,391,10,42,180,180,0,10,10,
444,000444,FUERZA DE TAREA,29 ENERO 2020,13,2,391,10,39,162,162,0,9,9,
445,000445,FUERZA DE TAREA,29 ENERO 2020,10,2,291,10,42,162,162,0,9,9,
446,000446,FUERZA DE TAREA,29 ENERO 2020,10,2,291,10,42,54,54,0,3,3,
447,000447,FUERZA DE TAREA,29 ENERO 2020,14,2,561,10,42,126,126,0,7,7,
448,000448,FUERZA DE TAREA,29 ENERO 2020,4,2,18,10,42,162,162,0,9,9,
449,000449,FUERZA DE TAREA,29 ENERO 2020,4,2,18,10,42,162,162,0,9,9,
450,000450,FUERZA DE TAREA,29 ENERO 2020,4,2,18,10,39,144,144,0,8,8,
451,000451,FUERZA DE TAREA,29 ENERO 2020,4,2,18,10,42,162,162,0,9,9,
452,000452,FUERZA DE TAREA,29 ENERO 2020,11,2,403,10,39,180,180,0,10,10,
453,000453,FUERZA DE TAREA,29 ENERO 2020,30,2,33,10,42,90,90,0,5,5,
454,000454,FUERZA DE TAREA,29 ENERO 2020,30,2,33,10,42,108,108,0,6,6,
455,000455,FUERZA DE TAREA,29 ENERO 2020,30,2,33,10,42,126,126,0,7,7,
456,000456,FUERZA DE TAREA,29 ENERO 2020,2,2,59,10,42,180,180,0,10,10,
457,000457,FUERZA DE TAREA,29 ENERO 2020,20,2,399,10,39,90,90,0,5,5,
458,000458,FUERZA DE TAREA,29 ENERO 2020,8,2,21,10,42,162,162,0,9,9,
459,000459,FUERZA DE TAREA,29 ENERO 2020,21,2,396,10,39,162,162,0,9,9,
460,000460,FUERZA DE TAREA,29 ENERO 2020,21,2,396,10,39,144,144,0,8,8,
461,000461,FUERZA DE TAREA,29 ENERO 2020,21,2,396,10,42,144,144,0,8,8,
462,000462,FUERZA DE TAREA,29 ENERO 2020,9,2,178,10,42,126,126,0,7,7,
463,000463,FUERZA DE TAREA,30 ENERO 2020,53,2,528,10,42,18,18,0,1,1,SIN NOVEDAD
464,000464,FUERZA DE TAREA,30 ENERO 2020,15,2,260,10,39,180,180,0,10,10,SIN NOVEDAD
465,000465,FUERZA DE TAREA,30 ENERO 2020,20,2,256,10,25,90,90,0,5,5,SIN NOVEDAD
466,000466,FUERZA DE TAREA,30 ENERO 2020,10,2,563,10,39,126,126,0,7,7,SIN NOVEDAD
467,000467,FUERZA DE TAREA,30 ENERO 2020,14,2,562,10,42,108,108,0,6,6,SIN NOVEDAD
468,000468,FUERZA DE TAREA,30 ENERO 2020,14,2,562,10,42,144,144,0,8,8,SIN NOVEDAD
469,000469,FUERZA DE TAREA,30 ENERO 2020,14,2,562,10,25,54,54,0,3,3,SIN NOVEDAD
470,000470,FUERZA DE TAREA,30 ENERO 2020,13,2,101,10,25,144,144,0,8,8,SIN NOVEDAD
471,000471,FUERZA DE TAREA,30 ENERO 2020,13,2,101,10,42,144,144,0,8,8,SIN NOVEDAD
472,000472,FUERZA DE TAREA,30 ENERO 2020,1,2,11,10,42,180,180,0,10,10,SIN NOVEDAD
473,000473,FUERZA DE TAREA,30 ENERO 2020,1,2,11,10,42,180,180,0,10,10,SIN NOVEDAD
474,000474,FUERZA DE TAREA,30 ENERO 2020,1,2,11,10,25,54,54,0,3,3,SIN NOVEDAD
475,000475,FUERZA DE TAREA,30 ENERO 2020,9,2,178,10,25,180,180,0,10,10,SIN NOVEDAD
476,000476,FUERZA DE TAREA,30 ENERO 2020,2,2,59,10,39,180,180,0,10,10,SIN NOVEDAD
477,000477,FUERZA DE TAREA,30 ENERO 2020,8,2,426,10,39,180,180,0,10,10,SIN NOVEDAD
478,000478,FUERZA DE TAREA,30 ENERO 2020,30,2,33,10,39,72,72,0,4,4,SIN NOVEDAD
479,000479,FUERZA DE TAREA,30 ENERO 2020,30,2,33,10,39,144,144,0,8,8,SIN NOVEDAD
480,000480,FUERZA DE TAREA,30 ENERO 2020,30,2,33,10,39,108,108,0,6,6,SIN NOVEDAD
481,000481,FUERZA DE TAREA,30 ENERO 2020,11,2,403,10,39,180,180,0,10,10,SIN NOVEDAD
482,000482,FUERZA DE TAREA,30 ENERO 2020,43,2,317,10,42,72,72,0,4,4,SIN NOVEDAD
483,000483,FUERZA DE TAREA,31 ENERO 2020,15,2,83,10,39,72,72,0,4,4,
484,000484,FUERZA DE TAREA,31 ENERO 2020,15,2,83,10,42,180,180,0,10,10,
485,000485,FUERZA DE TAREA,31 ENERO 2020,14,2,564,10,42,18,18,0,1,1,
486,000486,FUERZA DE TAREA,31 ENERO 2020,14,2,564,10,25,162,162,0,9,9,
487,000487,FUERZA DE TAREA,31 ENERO 2020,2,2,59,10,25,126,126,0,7,7,
488,000488,FUERZA DE TAREA,31 ENERO 2020,20,2,399,10,42,54,54,0,3,3,
489,000489,FUERZA DE TAREA,31 ENERO 2020,13,2,30,10,40,180,180,0,10,10,SIN NOVEDAD
490,000490,FUERZA DE TAREA,31 ENERO 2020,13,2,30,10,42,72,72,0,4,4,SIN NOVEDAD
491,000491,FUERZA DE TAREA,31 ENERO 2020,1,2,11,10,25,180,180,0,10,10,SIN NOVEDAD
492,000492,FUERZA DE TAREA,31 ENERO 2020,1,2,11,10,42,108,108,0,6,6,SIN NOVEDAD
493,000493,FUERZA DE TAREA,31 ENERO 2020,9,2,178,10,25,144,144,0,8,8,SIN NOVEDAD
494,000494,FUERZA DE TAREA,31 ENERO 2020,11,2,403,10,42,180,180,0,10,10,
495,000495,FUERZA DE TAREA,31 ENERO 2020,10,2,565,10,25,108,108,0,6,6,
496,000496,FUERZA DE TAREA,31 ENERO 2020,43,2,476,10,25,36,36,0,2,2,
497,000497,FUERZA DE TAREA,31 ENERO 2020,30,2,33,10,42,90,90,0,5,5,
498,000498,FUERZA DE TAREA,31 ENERO 2020,30,2,33,10,25,54,54,0,3,3,
499,000499,FUERZA DE TAREA,31 ENERO 2020,30,2,33,10,25,90,90,0,5,5,
500,000500,FUERZA DE TAREA,31 ENERO 2020,30,2,33,10,42,180,180,0,10,10,
501,000501,FUERZA DE TAREA,31 ENERO 2020,30,2,33,10,25,108,108,0,6,6,
502,000502,FUERZA DE TAREA,31 ENERO 2020,30,2,33,10,42,72,72,0,4,4,
503,000503,FUERZA DE TAREA,31 ENERO 2020,30,2,33,10,25,18,18,0,1,1,
504,000504,FUERZA DE TAREA,31 ENERO 2020,30,2,33,10,40,108,108,0,6,6,
505,000505,FUERZA DE TAREA,31 ENERO 2020,30,2,33,10,40,54,54,0,3,3,
506,000506,FUERZA DE TAREA,31 ENERO 2020,30,2,33,10,25,18,18,0,1,1,
507,000507,FUERZA DE TAREA,31 ENERO 2020,30,2,33,10,40,50,50,0,1,1,SE LE MINISTRAN 50 CARTUCHOS AL DIRECTOR DE LA U.P.M. FUERZA DE TAREA
508,000508,FUERZA DE TAREA,04 FEBRERO 2020,55,3,566,9,39,162,162,0,9,9,
509,000509,FUERZA DE TAREA,04 FEBRERO 2020,55,3,566,9,39,162,162,0,9,9,
510,000510,FUERZA DE TAREA,04 FEBRERO 2020,55,3,566,9,42,144,144,0,8,8,
511,000511,FUERZA DE TAREA,04 FEBRERO 2020,15,3,260,9,39,144,144,0,8,8,
512,000512,FUERZA DE TAREA,04 FEBRERO 2020,15,3,260,9,42,90,90,0,5,5,
513,000513,FUERZA DE TAREA,04 FEBRERO 2020,20,3,169,9,42,108,108,0,6,6,
514,000514,FUERZA DE TAREA,04 FEBRERO 2020,58,3,285,9,39,144,144,0,8,8,
515,000515,FUERZA DE TAREA,04 FEBRERO 2020,58,3,285,9,39,180,180,0,10,10,
516,000516,FUERZA DE TAREA,04 FEBRERO 2020,58,3,285,9,42,126,126,0,7,7,
517,000517,FUERZA DE TAREA,04 FEBRERO 2020,13,3,391,9,42,144,144,0,8,8,
518,000518,FUERZA DE TAREA,04 FEBRERO 2020,13,3,391,9,39,108,108,0,6,6,
519,000519,FUERZA DE TAREA,04 FEBRERO 2020,13,3,391,9,42,144,144,0,8,8,
520,000520,FUERZA DE TAREA,04 FEBRERO 2020,21,3,396,9,42,180,180,0,10,10,
521,000521,FUERZA DE TAREA,04 FEBRERO 2020,21,3,396,9,39,180,180,0,10,10,
522,000522,FUERZA DE TAREA,04 FEBRERO 2020,2,3,59,9,41,144,144,0,8,8,
523,000523,FUERZA DE TAREA,04 FEBRERO 2020,10,3,291,9,42,108,108,0,6,6,
524,000524,FUERZA DE TAREA,04 FEBRERO 2020,10,3,291,9,41,144,144,0,8,8,
525,000525,FUERZA DE TAREA,04 FEBRERO 2020,8,3,21,9,39,162,162,0,9,9,
526,000526,FUERZA DE TAREA,04 FEBRERO 2020,30,3,33,9,42,144,144,0,8,8,
527,000527,FUERZA DE TAREA,04 FEBRERO 2020,30,3,33,9,39,108,108,0,6,6,
528,000528,FUERZA DE TAREA,04 FEBRERO 2020,30,3,33,9,42,162,162,0,9,9,
529,000529,FUERZA DE TAREA,04 FEBRERO 2020,30,3,33,9,39,108,108,0,6,6,
530,000530,FUERZA DE TAREA,04 FEBRERO 2020,30,3,33,9,42,108,108,0,6,6,
531,000531,FUERZA DE TAREA,04 FEBRERO 2020,30,3,33,9,42,90,90,0,5,5,
532,000532,FUERZA DE TAREA,04 FEBRERO 2020,30,3,33,9,41,108,108,0,6,6,
533,000533,FUERZA DE TAREA,04 FEBRERO 2020,30,3,33,9,39,162,162,0,9,9,
534,000534,FUERZA DE TAREA,04 FEBRERO 2020,30,3,33,9,40,108,108,0,6,6,
535,000535,FUERZA DE TAREA,04 FEBRERO 2020,9,3,178,9,41,144,144,0,8,8,
536,000536,FUERZA DE TAREA,05 FEBRERO 2020,20,3,256,9,42,90,90,0,5,5,
537,000537,FUERZA DE TAREA,05 FEBRERO 2020,14,3,466,9,41,180,180,0,10,10,
538,000538,FUERZA DE TAREA,05 FEBRERO 2020,15,3,39,9,42,180,180,0,10,10,
539,000539,FUERZA DE TAREA,05 FEBRERO 2020,15,3,39,9,39,180,180,0,10,10,
540,000540,FUERZA DE TAREA,05 FEBRERO 2020,11,3,403,9,42,162,162,0,9,9,
541,000541,FUERZA DE TAREA,05 FEBRERO 2020,55,3,503,9,42,162,162,0,9,9,
542,000542,FUERZA DE TAREA,05 FEBRERO 2020,55,3,503,9,41,162,162,0,9,9,
543,000543,FUERZA DE TAREA,05 FEBRERO 2020,55,3,503,9,41,180,180,0,10,10,
544,000544,FUERZA DE TAREA,05 FEBRERO 2020,13,3,101,9,39,162,162,0,9,9,
545,000545,FUERZA DE TAREA,05 FEBRERO 2020,13,3,101,9,39,108,108,0,6,6,
546,000546,FUERZA DE TAREA,05 FEBRERO 2020,13,3,101,9,39,180,180,0,10,10,
547,000547,FUERZA DE TAREA,05 FEBRERO 2020,13,3,101,9,39,162,162,0,9,9,
548,000548,FUERZA DE TAREA,05 FEBRERO 2020,1,3,11,9,39,180,180,0,10,10,
549,000549,FUERZA DE TAREA,05 FEBRERO 2020,1,3,11,9,39,180,180,0,10,10,
550,000550,FUERZA DE TAREA,05 FEBRERO 2020,1,3,11,9,39,162,162,0,9,9,
551,000551,FUERZA DE TAREA,05 FEBRERO 2020,31,3,210,9,39,162,162,0,9,9,
552,000552,FUERZA DE TAREA,05 FEBRERO 2020,31,3,210,9,39,180,180,0,10,10,
553,000553,FUERZA DE TAREA,05 FEBRERO 2020,31,3,210,9,39,180,180,0,10,10,
554,000554,FUERZA DE TAREA,05 FEBRERO 2020,58,3,161,9,42,180,180,0,10,10,
555,000555,FUERZA DE TAREA,05 FEBRERO 2020,58,3,161,9,42,72,72,0,4,4,
556,000556,FUERZA DE TAREA,05 FEBRERO 2020,58,3,161,9,42,162,162,0,9,9,
557,000557,FUERZA DE TAREA,05 FEBRERO 2020,58,3,161,9,42,72,72,0,4,4,
558,000558,FUERZA DE TAREA,05 FEBRERO 2020,58,3,161,9,42,162,162,0,9,9,
559,000559,FUERZA DE TAREA,05 FEBRERO 2020,8,3,426,9,39,162,162,0,9,9,
560,000560,FUERZA DE TAREA,05 FEBRERO 2020,2,3,59,9,39,180,180,0,10,10,
561,000561,FUERZA DE TAREA,05 FEBRERO 2020,2,3,59,9,39,54,54,0,3,3,
562,000562,FUERZA DE TAREA,05 FEBRERO 2020,10,3,291,9,39,108,108,0,6,6,
563,000563,FUERZA DE TAREA,05 FEBRERO 2020,21,3,44,9,39,108,108,0,6,6,
564,000564,FUERZA DE TAREA,05 FEBRERO 2020,21,3,44,9,39,162,162,0,9,9,
565,000565,FUERZA DE TAREA,05 FEBRERO 2020,30,3,33,9,42,144,144,0,8,8,
566,000566,FUERZA DE TAREA,05 FEBRERO 2020,30,3,33,9,42,72,72,0,4,4,
567,000567,FUERZA DE TAREA,05 FEBRERO 2020,30,3,33,9,42,54,54,0,3,3,
568,000568,FUERZA DE TAREA,05 FEBRERO 2020,30,3,33,9,39,126,126,0,7,7,
569,000569,FUERZA DE TAREA,05 FEBRERO 2020,30,3,33,9,42,90,90,0,5,5,
570,000570,FUERZA DE TAREA,05 FEBRERO 2020,30,3,33,9,42,162,162,0,9,9,
571,000571,FUERZA DE TAREA,05 FEBRERO 2020,30,3,33,9,42,180,180,0,10,10,
572,000572,FUERZA DE TAREA,05 FEBRERO 2020,30,3,33,9,42,144,144,0,8,8,
573,000573,FUERZA DE TAREA,05 FEBRERO 2020,30,3,33,9,42,90,90,0,5,5,
574,000574,FUERZA DE TAREA,05 FEBRERO 2020,30,3,33,9,42,90,90,0,5,5,
575,000575,FUERZA DE TAREA,05 FEBRERO 2020,30,3,33,9,42,162,162,0,9,9,
576,000576,FUERZA DE TAREA,05 FEBRERO 2020,30,3,33,9,42,126,126,0,7,7,
577,000577,FUERZA DE TAREA,05 FEBRERO 2020,43,3,453,9,39,90,90,0,5,5,
578,000578,FUERZA DE TAREA,06 FEBRERO 2020,11,3,403,9,42,144,144,0,8,8,
579,000579,FUERZA DE TAREA,06 FEBRERO 2020,10,3,461,9,39,126,126,0,7,7,
580,000580,FUERZA DE TAREA,06 FEBRERO 2020,8,3,469,9,42,90,90,0,5,5,
581,000581,FUERZA DE TAREA,06 FEBRERO 2020,20,3,399,9,39,18,18,0,1,1,
582,000582,FUERZA DE TAREA,06 FEBRERO 2020,13,3,30,9,39,162,162,0,9,9,
583,000583,FUERZA DE TAREA,06 FEBRERO 2020,13,3,30,9,42,180,180,0,10,10,
584,000584,FUERZA DE TAREA,06 FEBRERO 2020,13,3,30,9,42,162,162,0,9,9,
585,000585,FUERZA DE TAREA,06 FEBRERO 2020,2,3,59,9,42,54,54,0,3,3,
586,000586,FUERZA DE TAREA,06 FEBRERO 2020,15,3,83,9,39,54,54,0,3,3,
587,000587,FUERZA DE TAREA,06 FEBRERO 2020,15,3,83,9,42,126,126,0,7,7,
588,000588,FUERZA DE TAREA,06 FEBRERO 2020,15,3,83,9,39,180,180,0,10,10,
589,000589,FUERZA DE TAREA,06 FEBRERO 2020,1,3,11,9,39,180,180,0,10,10,
590,000590,FUERZA DE TAREA,06 FEBRERO 2020,55,3,567,9,42,144,144,0,8,8,
591,000591,FUERZA DE TAREA,06 FEBRERO 2020,55,3,567,9,42,36,36,0,2,2,
592,000592,FUERZA DE TAREA,06 FEBRERO 2020,55,3,567,9,39,144,144,0,8,8,
593,000593,FUERZA DE TAREA,06 FEBRERO 2020,55,3,567,9,42,180,180,0,10,10,
594,000594,FUERZA DE TAREA,06 FEBRERO 2020,1,3,11,9,39,180,180,0,10,10,
595,000595,FUERZA DE TAREA,06 FEBRERO 2020,58,3,441,9,39,180,180,0,10,10,
596,000596,FUERZA DE TAREA,06 FEBRERO 2020,58,3,441,9,42,162,162,0,9,9,
597,000597,FUERZA DE TAREA,06 FEBRERO 2020,58,3,441,9,42,180,180,0,10,10,
598,000598,FUERZA DE TAREA,06 FEBRERO 2020,58,3,441,9,39,18,18,0,1,1,
599,000599,FUERZA DE TAREA,06 FEBRERO 2020,9,3,178,9,42,18,18,0,1,1,
600,000600,FUERZA DE TAREA,06 FEBRERO 2020,30,3,33,9,42,108,108,0,6,6,
601,000601,FUERZA DE TAREA,06 FEBRERO 2020,30,3,33,9,39,72,72,0,4,4,
602,000602,FUERZA DE TAREA,06 FEBRERO 2020,30,3,33,9,39,126,126,0,7,7,
603,000603,FUERZA DE TAREA,06 FEBRERO 2020,30,3,33,9,42,108,108,0,6,6,
604,000604,FUERZA DE TAREA,06 FEBRERO 2020,30,3,33,9,41,108,108,0,6,6,
605,000605,FUERZA DE TAREA,06 FEBRERO 2020,30,3,33,9,39,162,162,0,9,9,
606,000606,FUERZA DE TAREA,06 FEBRERO 2020,30,3,33,9,42,126,126,0,7,7,
607,000607,FUERZA DE TAREA,06 FEBRERO 2020,30,3,33,9,42,90,90,0,5,5,
608,000608,FUERZA DE TAREA,06 FEBRERO 2020,30,3,33,9,39,126,126,0,7,7,
609,000609,FUERZA DE TAREA,06 FEBRERO 2020,30,3,33,9,41,144,144,0,8,8,
610,000610,FUERZA DE TAREA,06 FEBRERO 2020,30,3,33,9,39,90,90,0,5,5,
611,000611,FUERZA DE TAREA,06 FEBRERO 2020,30,3,33,9,42,108,108,0,6,6,
612,000612,FUERZA DE TAREA,06 FEBRERO 2020,30,3,33,9,40,126,126,0,7,7,
613,000613,FUERZA DE TAREA,07 FEBRERO 2020,1,3,12,10,41,144,144,0,8,8,
614,000614,FUERZA DE TAREA,07 FEBRERO 2020,1,3,12,10,39,162,162,0,9,9,
615,000615,FUERZA DE TAREA,07 FEBRERO 2020,1,3,12,10,25,144,144,0,8,8,
616,000616,FUERZA DE TAREA,07 FEBRERO 2020,13,3,391,10,39,180,180,0,10,10,
617,000617,FUERZA DE TAREA,07 FEBRERO 2020,13,3,391,10,25,162,162,0,9,9,
618,000618,FUERZA DE TAREA,07 FEBRERO 2020,15,3,260,10,41,162,162,0,9,9,
619,000619,FUERZA DE TAREA,07 FEBRERO 2020,15,3,260,10,39,108,108,0,6,6,
620,000620,FUERZA DE TAREA,07 FEBRERO 2020,11,3,403,10,42,144,144,0,8,8,
621,000621,FUERZA DE TAREA,07 FEBRERO 2020,2,3,59,10,25,180,180,0,10,10,
622,000622,FUERZA DE TAREA,07 FEBRERO 2020,20,3,399,10,41,72,72,0,4,4,
623,000623,FUERZA DE TAREA,07 FEBRERO 2020,9,3,178,10,40,144,144,0,8,8,
624,000624,FUERZA DE TAREA,07 FEBRERO 2020,9,3,178,10,39,54,54,0,3,3,
625,000625,FUERZA DE TAREA,07 FEBRERO 2020,4,3,18,10,39,126,126,0,7,7,
626,000626,FUERZA DE TAREA,07 FEBRERO 2020,4,3,18,10,42,162,162,0,9,9,
627,000627,FUERZA DE TAREA,07 FEBRERO 2020,4,3,18,10,42,72,72,0,4,4,
628,000628,FUERZA DE TAREA,07 FEBRERO 2020,58,3,211,10,42,144,144,0,8,8,
629,000629,FUERZA DE TAREA,07 FEBRERO 2020,58,3,211,10,40,72,72,0,4,4,
630,000630,FUERZA DE TAREA,07 FEBRERO 2020,8,3,21,10,42,144,144,0,8,8,
631,000631,FUERZA DE TAREA,07 FEBRERO 2020,8,3,21,10,25,180,180,0,10,10,
632,000632,FUERZA DE TAREA,07 FEBRERO 2020,43,3,531,10,25,90,90,0,5,5,
633,000633,FUERZA DE TAREA,07 FEBRERO 2020,30,3,33,10,39,108,108,0,6,6,
634,000634,FUERZA DE TAREA,07 FEBRERO 2020,30,3,33,10,42,126,126,0,7,7,
635,000635,FUERZA DE TAREA,07 FEBRERO 2020,30,3,33,10,40,162,162,0,9,9,
636,000636,FUERZA DE TAREA,07 FEBRERO 2020,30,3,33,10,40,54,54,0,3,3,
637,000637,FUERZA DE TAREA,07 FEBRERO 2020,30,3,33,10,42,144,144,0,8,8,
638,000638,FUERZA DE TAREA,07 FEBRERO 2020,30,3,33,10,40,144,144,0,8,8,
639,000639,FUERZA DE TAREA,07 FEBRERO 2020,30,3,33,10,25,151,151,0,8,8,SE LE MINISTRAN 25 CARTUCHOS AL SUB DIRECTOR DE LA U.P.M. FUERZA DE TAREA
640,000640,FUERZA DE TAREA,07 FEBRERO 2020,30,3,33,10,39,90,90,0,5,5,
641,000641,FUERZA DE TAREA,07 FEBRERO 2020,30,3,33,10,39,144,144,0,8,8,
642,000642,FUERZA DE TAREA,07 FEBRERO 2020,30,3,33,10,42,108,108,0,6,6,
643,000643,FUERZA DE TAREA,07 FEBRERO 2020,30,3,33,10,25,180,180,0,10,10,
644,000644,FUERZA DE TAREA,07 FEBRERO 2020,30,3,33,10,25,126,126,0,7,7,
645,000645,FUERZA DE TAREA,07 FEBRERO 2020,30,3,33,10,39,72,72,0,4,4,
646,000646,FUERZA DE TAREA,07 FEBRERO 2020,30,3,33,10,25,50,50,0,1,1,SE LE MINISTRAN 50 CARTUCHOS AL DIRECTOR DE LA U.P.M. FUERZA DE TAREA
647,000647,FUERZA DE TAREA,17 FEBRERO 2020,13,1,101,10,45,162,162,0,9,9,
648,000648,FUERZA DE TAREA,17 FEBRERO 2020,13,1,101,10,25,162,162,0,9,9,
649,000649,FUERZA DE TAREA,17 FEBRERO 2020,13,1,101,10,39,72,72,0,4,4,
650,000650,FUERZA DE TAREA,17 FEBRERO 2020,15,1,39,10,39,180,180,0,10,10,
651,000651,FUERZA DE TAREA,17 FEBRERO 2020,20,1,568,10,25,54,54,0,3,3,
652,000652,FUERZA DE TAREA,17 FEBRERO 2020,11,1,525,10,45,162,162,0,9,9,
653,000653,FUERZA DE TAREA,17 FEBRERO 2020,30,1,33,10,45,162,162,0,9,9,
654,000654,FUERZA DE TAREA,17 FEBRERO 2020,30,1,33,10,42,162,162,0,9,9,
655,000655,FUERZA DE TAREA,17 FEBRERO 2020,30,1,33,10,39,144,144,0,8,8,
656,000656,FUERZA DE TAREA,17 FEBRERO 2020,30,1,33,10,42,126,126,0,7,7,
657,000657,FUERZA DE TAREA,17 FEBRERO 2020,30,1,33,10,45,180,180,0,10,10,
658,000658,FUERZA DE TAREA,17 FEBRERO 2020,30,1,33,10,39,144,144,0,8,8,
659,000659,FUERZA DE TAREA,18 FEBRERO 2020,11,1,403,10,42,162,162,0,9,9,
660,000660,FUERZA DE TAREA,18 FEBRERO 2020,59,1,569,10,45,180,180,0,10,10,
661,000661,FUERZA DE TAREA,18 FEBRERO 2020,59,1,569,10,25,180,180,0,10,10,
662,000662,FUERZA DE TAREA,18 FEBRERO 2020,59,1,569,10,42,180,180,0,10,10,
663,000663,FUERZA DE TAREA,18 FEBRERO 2020,59,1,569,10,42,108,108,0,6,6,
664,000664,FUERZA DE TAREA,18 FEBRERO 2020,13,1,391,10,45,162,162,0,9,9,
665,000665,FUERZA DE TAREA,18 FEBRERO 2020,13,1,391,10,25,162,162,0,9,9,
666,000666,FUERZA DE TAREA,18 FEBRERO 2020,13,1,391,10,39,126,126,0,7,7,ESTO ES SOLO PRUEBAS DE MODAL CON ENTER
667,000667,FUERZA DE TAREA,18 FEBRERO 2020,20,1,570,10,42,108,108,0,6,6,
668,000668,FUERZA DE TAREA,18 FEBRERO 2020,15,1,83,10,25,144,144,0,8,8,
669,000669,FUERZA DE TAREA,18 FEBRERO 2020,45,1,505,10,25,18,18,0,1,1,
670,000670,FUERZA DE TAREA,18 FEBRERO 2020,14,1,481,10,25,36,36,0,2,2,
671,000671,FUERZA DE TAREA,18 FEBRERO 2020,14,1,481,10,39,162,162,0,9,9,
672,000672,FUERZA DE TAREA,18 FEBRERO 2020,14,1,481,10,45,144,144,0,8,8,
673,000673,FUERZA DE TAREA,18 FEBRERO 2020,30,1,33,10,45,90,90,0,5,5,
674,000674,FUERZA DE TAREA,18 FEBRERO 2020,30,1,33,10,41,36,36,0,2,2,
675,000675,FUERZA DE TAREA,18 FEBRERO 2020,30,1,33,10,41,126,126,0,7,7,
676,000676,FUERZA DE TAREA,18 FEBRERO 2020,30,1,33,10,45,108,108,0,6,6,
677,000677,FUERZA DE TAREA,18 FEBRERO 2020,30,1,33,10,42,126,126,0,7,7,
678,000678,FUERZA DE TAREA,18 FEBRERO 2020,30,1,33,10,42,126,126,0,7,7,
679,000679,FUERZA DE TAREA,18 FEBRERO 2020,30,1,33,10,45,162,162,0,9,9,
680,000680,FUERZA DE TAREA,18 FEBRERO 2020,30,1,33,10,41,126,126,0,7,7,
681,000681,FUERZA DE TAREA,19 FEBRERO 2020,59,1,571,10,42,180,180,0,10,10,
682,000682,FUERZA DE TAREA,19 FEBRERO 2020,59,1,571,10,46,180,180,0,10,10,
683,000683,FUERZA DE TAREA,19 FEBRERO 2020,59,1,571,10,39,162,162,0,9,9,
684,000684,FUERZA DE TAREA,19 FEBRERO 2020,59,1,571,10,42,108,108,0,6,6,
685,000685,FUERZA DE TAREA,19 FEBRERO 2020,13,1,101,10,25,144,144,0,8,8,
686,000686,FUERZA DE TAREA,19 FEBRERO 2020,13,1,101,10,25,144,144,0,8,8,
687,000687,FUERZA DE TAREA,19 FEBRERO 2020,13,1,101,10,39,180,180,0,10,10,
688,000688,FUERZA DE TAREA,19 FEBRERO 2020,15,1,260,10,39,108,108,0,6,6,
689,000689,FUERZA DE TAREA,19 FEBRERO 2020,15,1,260,10,46,54,54,0,3,3,
690,000690,FUERZA DE TAREA,19 FEBRERO 2020,4,1,18,10,45,108,108,0,6,6,
691,000691,FUERZA DE TAREA,19 FEBRERO 2020,4,1,18,10,25,126,126,0,7,7,
692,000692,FUERZA DE TAREA,19 FEBRERO 2020,4,1,18,10,46,72,72,0,4,4,
693,000693,FUERZA DE TAREA,19 FEBRERO 2020,20,1,169,10,39,90,90,0,5,5,
694,000694,FUERZA DE TAREA,19 FEBRERO 2020,8,1,426,10,45,162,162,0,9,9,
695,000695,FUERZA DE TAREA,19 FEBRERO 2020,11,1,525,10,46,162,162,0,9,9,
696,000696,FUERZA DE TAREA,19 FEBRERO 2020,2,1,59,10,45,180,180,0,10,10,
697,000697,FUERZA DE TAREA,19 FEBRERO 2020,2,1,59,10,25,36,36,0,2,2,
698,000698,FUERZA DE TAREA,19 FEBRERO 2020,9,1,178,10,42,126,126,0,7,7,
699,000699,FUERZA DE TAREA,19 FEBRERO 2020,9,1,178,10,39,144,144,0,8,8,
700,000700,FUERZA DE TAREA,19 FEBRERO 2020,30,1,33,10,25,54,54,0,3,3,
701,000701,FUERZA DE TAREA,19 FEBRERO 2020,30,1,33,10,46,54,54,0,3,3,
702,000702,FUERZA DE TAREA,19 FEBRERO 2020,30,1,33,10,45,36,36,0,2,2,
703,000703,FUERZA DE TAREA,19 FEBRERO 2020,30,1,33,10,39,54,54,0,3,3,
704,000704,FUERZA DE TAREA,19 FEBRERO 2020,30,1,33,10,46,90,90,0,5,5,
705,000705,FUERZA DE TAREA,19 FEBRERO 2020,30,1,33,10,45,90,90,0,5,5,
706,000706,FUERZA DE TAREA,19 FEBRERO 2020,10,1,291,10,45,180,180,0,10,10,
707,000707,FUERZA DE TAREA,20 FEBRERO 2020,59,1,572,10,42,180,180,0,10,10,
708,000708,FUERZA DE TAREA,20 FEBRERO 2020,59,1,572,10,42,180,180,0,10,10,
709,000709,FUERZA DE TAREA,20 FEBRERO 2020,59,1,572,10,42,180,180,0,10,10,
710,000710,FUERZA DE TAREA,20 FEBRERO 2020,59,1,572,10,42,90,90,0,5,5,
711,000711,FUERZA DE TAREA,20 FEBRERO 2020,59,1,572,10,42,18,18,0,1,1,
712,000712,FUERZA DE TAREA,20 FEBRERO 2020,55,1,574,10,46,144,144,0,8,8,
713,000713,FUERZA DE TAREA,20 FEBRERO 2020,55,1,574,10,25,108,108,0,6,6,
714,000714,FUERZA DE TAREA,20 FEBRERO 2020,55,1,574,10,39,108,108,0,6,6,
715,000715,FUERZA DE TAREA,20 FEBRERO 2020,55,1,574,10,25,72,72,0,4,4,
716,000716,FUERZA DE TAREA,20 FEBRERO 2020,15,1,39,10,25,180,180,0,10,10,
717,000717,FUERZA DE TAREA,20 FEBRERO 2020,15,1,39,10,46,90,90,0,5,5,
718,000718,FUERZA DE TAREA,20 FEBRERO 2020,14,1,481,10,46,144,144,0,8,8,
719,000719,FUERZA DE TAREA,20 FEBRERO 2020,14,1,481,10,39,108,108,0,6,6,
720,000720,FUERZA DE TAREA,20 FEBRERO 2020,20,1,399,10,39,72,72,0,4,4,
721,000721,FUERZA DE TAREA,20 FEBRERO 2020,13,1,101,10,46,144,144,0,8,8,
722,000722,FUERZA DE TAREA,20 FEBRERO 2020,13,1,101,10,25,108,108,0,6,6,
723,000723,FUERZA DE TAREA,20 FEBRERO 2020,11,1,403,10,25,180,180,0,10,10,
724,000724,FUERZA DE TAREA,20 FEBRERO 2020,2,1,59,10,46,144,144,0,8,8,
725,000725,FUERZA DE TAREA,20 FEBRERO 2020,10,1,291,10,25,162,162,0,9,9,
726,000726,FUERZA DE TAREA,20 FEBRERO 2020,8,1,35,10,46,180,180,0,10,10,
727,000727,FUERZA DE TAREA,20 FEBRERO 2020,4,1,18,10,41,180,180,0,10,10,
728,000728,FUERZA DE TAREA,20 FEBRERO 2020,4,1,18,10,39,144,144,0,8,8,
729,000729,FUERZA DE TAREA,20 FEBRERO 2020,4,1,18,10,39,126,126,0,7,7,
730,000730,FUERZA DE TAREA,20 FEBRERO 2020,21,1,44,10,41,180,180,0,10,10,
731,000731,FUERZA DE TAREA,20 FEBRERO 2020,21,1,44,10,45,162,162,0,9,9,
732,000732,FUERZA DE TAREA,20 FEBRERO 2020,9,1,178,10,39,144,144,0,8,8,
733,000733,FUERZA DE TAREA,20 FEBRERO 2020,55,1,516,10,39,54,54,0,3,3,
734,000734,FUERZA DE TAREA,20 FEBRERO 2020,30,1,33,10,39,18,18,0,1,1,
735,000735,FUERZA DE TAREA,20 FEBRERO 2020,30,1,33,10,39,144,144,0,8,8,
736,000736,FUERZA DE TAREA,20 FEBRERO 2020,30,1,33,10,45,72,72,0,4,4,
737,000737,FUERZA DE TAREA,20 FEBRERO 2020,30,1,33,10,39,162,162,0,9,9,
738,000738,FUERZA DE TAREA,20 FEBRERO 2020,30,1,33,10,41,144,144,0,8,8,
739,000739,FUERZA DE TAREA,20 FEBRERO 2020,30,1,33,10,25,72,72,0,4,4,
740,000740,FUERZA DE TAREA,20 FEBRERO 2020,30,1,33,10,45,126,126,0,7,7,
741,000741,FUERZA DE TAREA,21 FEBRERO 2020,30,1,33,10,39,90,90,0,5,5,
742,000742,FUERZA DE TAREA,21 FEBRERO 2020,55,1,576,10,45,72,72,0,4,4,
743,000743,FUERZA DE TAREA,21 FEBRERO 2020,55,1,576,10,39,90,90,0,5,5,
744,000744,FUERZA DE TAREA,21 FEBRERO 2020,15,1,39,10,42,180,180,0,10,10,
745,000745,FUERZA DE TAREA,21 FEBRERO 2020,15,1,39,10,39,180,180,0,10,10,
746,000746,FUERZA DE TAREA,21 FEBRERO 2020,13,1,391,10,46,108,108,0,6,6,
747,000747,FUERZA DE TAREA,21 FEBRERO 2020,13,1,391,10,42,108,108,0,6,6,
748,000748,FUERZA DE TAREA,21 FEBRERO 2020,14,1,547,10,25,180,180,0,10,10,
749,000749,FUERZA DE TAREA,21 FEBRERO 2020,59,1,577,10,41,180,180,0,10,10,
750,000750,FUERZA DE TAREA,21 FEBRERO 2020,59,1,577,10,39,144,144,0,8,8,
751,000751,FUERZA DE TAREA,21 FEBRERO 2020,59,1,577,10,39,180,180,0,10,10,
752,000752,FUERZA DE TAREA,21 FEBRERO 2020,59,1,577,10,46,180,180,0,10,10,
753,000753,FUERZA DE TAREA,21 FEBRERO 2020,53,1,528,10,46,18,18,0,1,1,
754,000754,FUERZA DE TAREA,21 FEBRERO 2020,9,1,178,10,25,108,108,0,6,6,
755,000755,FUERZA DE TAREA,21 FEBRERO 2020,47,1,428,10,41,144,144,0,8,8,
756,000756,FUERZA DE TAREA,21 FEBRERO 2020,47,1,428,10,46,162,162,0,9,9,
757,000757,FUERZA DE TAREA,21 FEBRERO 2020,47,1,428,10,39,72,72,0,4,4,
758,000758,FUERZA DE TAREA,21 FEBRERO 2020,4,1,18,10,25,18,18,0,1,1,
759,000759,FUERZA DE TAREA,21 FEBRERO 2020,4,1,18,10,41,162,162,0,9,9,
760,000760,FUERZA DE TAREA,21 FEBRERO 2020,4,1,18,10,25,144,144,0,8,8,
761,000761,FUERZA DE TAREA,21 FEBRERO 2020,4,1,18,10,41,162,162,0,9,9,
762,000762,FUERZA DE TAREA,21 FEBRERO 2020,47,1,428,10,46,90,90,0,5,5,
763,000763,FUERZA DE TAREA,21 FEBRERO 2020,11,1,403,10,46,162,162,0,9,9,
764,000764,FUERZA DE TAREA,21 FEBRERO 2020,14,1,481,10,25,90,90,0,5,5,
765,000765,FUERZA DE TAREA,21 FEBRERO 2020,8,1,426,10,46,180,180,0,10,10,
766,000766,FUERZA DE TAREA,21 FEBRERO 2020,21,1,396,10,25,144,144,0,8,8,
767,000767,FUERZA DE TAREA,21 FEBRERO 2020,21,1,396,10,41,162,162,0,9,9,
768,000768,FUERZA DE TAREA,21 FEBRERO 2020,21,1,396,10,25,180,180,0,10,10,
769,000769,FUERZA DE TAREA,21 FEBRERO 2020,2,1,59,10,41,180,180,0,10,10,
770,000770,FUERZA DE TAREA,21 FEBRERO 2020,2,1,59,10,25,36,36,0,2,2,
771,000771,FUERZA DE TAREA,21 FEBRERO 2020,20,1,399,10,25,126,126,0,7,7,
772,000772,FUERZA DE TAREA,21 FEBRERO 2020,10,1,291,10,46,180,180,0,10,10,
773,000773,FUERZA DE TAREA,21 FEBRERO 2020,30,1,33,10,39,36,36,0,2,2,
774,000774,FUERZA DE TAREA,21 FEBRERO 2020,30,1,33,10,41,90,90,0,5,5,
775,000775,FUERZA DE TAREA,21 FEBRERO 2020,30,1,33,10,46,54,54,0,3,3,
776,000776,FUERZA DE TAREA,21 FEBRERO 2020,30,1,33,10,46,108,108,0,6,6,
777,000777,FUERZA DE TAREA,21 FEBRERO 2020,30,1,33,10,25,108,108,0,6,6,
778,000778,FUERZA DE TAREA,24 FEBRERO 2020,13,1,30,10,39,144,144,0,8,8,
779,000779,FUERZA DE TAREA,24 FEBRERO 2020,15,1,83,10,39,162,162,0,9,9,
780,000780,FUERZA DE TAREA,24 FEBRERO 2020,9,1,178,10,45,162,162,0,9,9,
781,000781,FUERZA DE TAREA,24 FEBRERO 2020,2,1,59,10,46,180,180,0,10,10,
782,000782,FUERZA DE TAREA,24 FEBRERO 2020,20,1,399,10,25,90,90,0,5,5,
783,000783,FUERZA DE TAREA,24 FEBRERO 2020,8,1,35,10,25,162,162,0,9,9,
784,000784,FUERZA DE TAREA,24 FEBRERO 2020,30,1,33,10,25,54,54,0,3,3,
785,000785,FUERZA DE TAREA,24 FEBRERO 2020,30,1,33,10,39,36,36,0,2,2,
786,000786,FUERZA DE TAREA,24 FEBRERO 2020,30,1,33,10,39,54,54,0,3,3,
787,000787,FUERZA DE TAREA,24 FEBRERO 2020,30,1,33,10,46,36,36,0,2,2,
788,000788,FUERZA DE TAREA,24 FEBRERO 2020,30,1,33,10,45,108,108,0,6,6,
789,000789,FUERZA DE TAREA,24 FEBRERO 2020,11,1,403,10,25,162,162,0,9,9,
790,000790,FUERZA DE TAREA,25 FEBRERO 2020,15,1,83,10,41,72,72,0,4,4,
791,000791,FUERZA DE TAREA,25 FEBRERO 2020,15,1,83,10,39,180,180,0,10,10,
792,000792,FUERZA DE TAREA,25 FEBRERO 2020,20,1,256,10,25,90,90,0,5,5,
793,000793,FUERZA DE TAREA,25 FEBRERO 2020,13,1,101,10,39,180,180,0,10,10,
794,000794,FUERZA DE TAREA,25 FEBRERO 2020,13,1,101,10,46,180,180,0,10,10,
795,000795,FUERZA DE TAREA,25 FEBRERO 2020,1,1,11,10,46,180,180,0,10,10,
796,000796,FUERZA DE TAREA,25 FEBRERO 2020,1,1,11,10,46,162,162,0,9,9,
797,000797,FUERZA DE TAREA,25 FEBRERO 2020,1,1,11,10,39,90,90,0,5,5,
798,000798,FUERZA DE TAREA,25 FEBRERO 2020,9,1,178,10,46,18,18,0,1,1,
799,000799,FUERZA DE TAREA,25 FEBRERO 2020,9,1,178,10,46,180,180,0,10,10,
800,000800,FUERZA DE TAREA,25 FEBRERO 2020,8,1,21,10,41,180,180,0,10,10,
801,000801,FUERZA DE TAREA,25 FEBRERO 2020,2,1,59,10,39,180,180,0,10,10,
802,000802,FUERZA DE TAREA,25 FEBRERO 2020,11,1,403,10,39,180,180,0,10,10,
803,000803,FUERZA DE TAREA,25 FEBRERO 2020,30,1,33,10,41,126,126,0,7,7,
804,000804,FUERZA DE TAREA,25 FEBRERO 2020,30,1,33,10,39,108,108,0,6,6,
805,000805,FUERZA DE TAREA,25 FEBRERO 2020,30,1,33,10,46,144,144,0,8,8,
806,000806,FUERZA DE TAREA,25 FEBRERO 2020,30,1,33,10,25,72,72,0,4,4,
807,000807,FUERZA DE TAREA,25 FEBRERO 2020,30,1,33,10,25,126,126,0,7,7,
808,000808,FUERZA DE TAREA,25 FEBRERO 2020,10,1,291,10,46,72,72,0,4,4,
809,000809,FUERZA DE TAREA,25 FEBRERO 2020,43,1,317,10,46,90,90,0,5,5,
810,000810,FUERZA DE TAREA,26 FEBRERO 2020,1,1,56,10,39,180,180,0,10,10,
811,000811,FUERZA DE TAREA,26 FEBRERO 2020,1,1,56,10,46,180,180,0,10,10,
812,000812,FUERZA DE TAREA,26 FEBRERO 2020,1,1,56,10,39,126,126,0,7,7,
813,000813,FUERZA DE TAREA,26 FEBRERO 2020,15,1,39,10,25,36,36,0,2,2,
814,000814,FUERZA DE TAREA,26 FEBRERO 2020,15,1,39,10,25,180,180,0,10,10,
815,000815,FUERZA DE TAREA,26 FEBRERO 2020,9,1,578,10,46,18,18,0,1,1,
816,000816,FUERZA DE TAREA,26 FEBRERO 2020,3,1,16,10,25,180,180,0,10,10,
817,000817,FUERZA DE TAREA,26 FEBRERO 2020,3,1,16,10,46,162,162,0,9,9,
818,000818,FUERZA DE TAREA,26 FEBRERO 2020,3,1,16,10,39,162,162,0,9,9,
819,000819,FUERZA DE TAREA,26 FEBRERO 2020,13,1,101,10,41,180,180,0,10,10,
820,000820,FUERZA DE TAREA,26 FEBRERO 2020,13,1,101,10,41,54,54,0,3,3,
821,000821,FUERZA DE TAREA,26 FEBRERO 2020,8,1,35,10,39,180,180,0,10,10,
822,000822,FUERZA DE TAREA,26 FEBRERO 2020,21,1,44,10,39,180,180,0,10,10,
823,000823,FUERZA DE TAREA,26 FEBRERO 2020,21,1,44,10,45,180,180,0,10,10,
824,000824,FUERZA DE TAREA,26 FEBRERO 2020,21,1,44,10,46,180,180,0,10,10,
825,000825,FUERZA DE TAREA,26 FEBRERO 2020,58,1,285,10,45,144,144,0,8,8,
826,000826,FUERZA DE TAREA,26 FEBRERO 2020,58,1,285,10,46,144,144,0,8,8,
827,000827,FUERZA DE TAREA,26 FEBRERO 2020,58,1,285,10,39,144,144,0,8,8,
828,000828,FUERZA DE TAREA,26 FEBRERO 2020,58,1,285,10,45,54,54,0,3,3,
829,000829,FUERZA DE TAREA,26 FEBRERO 2020,2,1,59,10,39,162,162,0,9,9,
830,000830,FUERZA DE TAREA,26 FEBRERO 2020,20,1,399,10,41,72,72,0,4,4,
831,000831,FUERZA DE TAREA,26 FEBRERO 2020,11,1,403,10,46,180,180,0,10,10,
832,000832,FUERZA DE TAREA,26 FEBRERO 2020,11,1,403,10,46,50,50,0,1,1,SE LE MINISTRAN 50 CARTUCHOS AL DIRECTOR DE LA U.P.C. ESTRELLA
833,000833,FUERZA DE TAREA,26 FEBRERO 2020,32,1,415,10,45,144,144,0,8,8,
834,000834,FUERZA DE TAREA,26 FEBRERO 2020,32,1,415,10,41,108,108,0,6,6,
835,000835,FUERZA DE TAREA,26 FEBRERO 2020,10,1,579,10,41,108,108,0,6,6,
836,000836,FUERZA DE TAREA,26 FEBRERO 2020,30,1,33,10,45,162,162,0,9,9,
837,000837,FUERZA DE TAREA,26 FEBRERO 2020,30,1,33,10,46,90,90,0,5,5,
838,000838,FUERZA DE TAREA,26 FEBRERO 2020,30,1,33,10,25,18,18,0,1,1,
839,000839,FUERZA DE TAREA,26 FEBRERO 2020,30,1,33,10,46,126,126,0,7,7,
840,000840,FUERZA DE TAREA,26 FEBRERO 2020,30,1,33,10,39,50,50,0,1,1,SE LE MINISTRAN 50 CARTUCHOS AL DIRECTOR DE LA U.P.M. FUERZA DE TAREA
841,000841,FUERZA DE TAREA,26 FEBRERO 2020,30,1,33,10,45,133,133,0,7,7,SE LE MINISTRAN 25 CARTUCHOS AL SUB DIRECTOR DE LA U.P.M. FUERZA DE TAREA
842,000842,FUERZA DE TAREA,27 FEBRERO 2020,8,1,21,10,25,180,180,0,10,10,
843,000843,FUERZA DE TAREA,27 FEBRERO 2020,8,1,21,10,39,72,72,0,4,4,
844,000844,FUERZA DE TAREA,27 FEBRERO 2020,13,1,30,10,25,108,108,0,6,6,
845,000845,FUERZA DE TAREA,27 FEBRERO 2020,13,1,30,10,41,90,90,0,5,5,
846,000846,FUERZA DE TAREA,27 FEBRERO 2020,2,1,59,10,46,54,54,0,3,3,
847,000847,FUERZA DE TAREA,27 FEBRERO 2020,2,1,59,10,25,162,162,0,9,9,
848,000848,FUERZA DE TAREA,27 FEBRERO 2020,20,1,399,10,41,108,108,0,6,6,
849,000849,FUERZA DE TAREA,27 FEBRERO 2020,6,1,20,10,25,180,180,0,10,10,
850,000850,FUERZA DE TAREA,27 FEBRERO 2020,15,1,83,10,39,180,180,0,10,10,
851,000851,FUERZA DE TAREA,27 FEBRERO 2020,9,1,178,10,25,144,144,0,8,8,
852,000852,FUERZA DE TAREA,27 FEBRERO 2020,30,1,33,10,39,180,180,0,10,10,
853,000853,FUERZA DE TAREA,27 FEBRERO 2020,30,1,33,10,25,108,108,0,6,6,
854,000854,FUERZA DE TAREA,27 FEBRERO 2020,30,1,33,10,25,108,108,0,6,6,
855,000855,FUERZA DE TAREA,27 FEBRERO 2020,30,1,33,10,25,144,144,0,8,8,
856,000856,FUERZA DE TAREA,27 FEBRERO 2020,30,1,33,10,39,162,162,0,9,9,
857,000857,FUERZA DE TAREA,28 FEBRERO 2020,8,1,21,10,39,180,180,0,10,10,
858,000858,FUERZA DE TAREA,28 FEBRERO 2020,8,1,21,10,25,54,54,0,3,3,
859,000859,FUERZA DE TAREA,28 FEBRERO 2020,14,1,580,10,39,54,54,0,3,3,
860,000860,FUERZA DE TAREA,28 FEBRERO 2020,14,1,580,10,25,144,144,0,8,8,
861,000861,FUERZA DE TAREA,28 FEBRERO 2020,14,1,580,10,25,18,18,0,1,1,
862,000862,FUERZA DE TAREA,28 FEBRERO 2020,15,1,260,10,25,54,54,0,3,3,
863,000863,FUERZA DE TAREA,28 FEBRERO 2020,15,1,260,10,39,180,180,0,10,10,
864,000864,FUERZA DE TAREA,28 FEBRERO 2020,20,1,169,10,25,18,18,0,1,1,
865,000865,FUERZA DE TAREA,28 FEBRERO 2020,20,1,169,10,46,90,90,0,5,5,
866,000866,FUERZA DE TAREA,28 FEBRERO 2020,2,1,59,10,25,180,180,0,10,10,
867,000867,FUERZA DE TAREA,28 FEBRERO 2020,2,1,59,10,25,54,54,0,3,3,
868,000868,FUERZA DE TAREA,28 FEBRERO 2020,6,1,20,10,25,126,126,0,7,7,
869,000869,FUERZA DE TAREA,28 FEBRERO 2020,6,1,20,10,25,126,126,0,7,7,
870,000870,FUERZA DE TAREA,28 FEBRERO 2020,11,1,403,10,25,180,180,0,10,10,
871,000871,FUERZA DE TAREA,28 FEBRERO 2020,58,1,211,10,25,144,144,0,8,8,
872,000872,FUERZA DE TAREA,28 FEBRERO 2020,58,1,211,10,25,90,90,0,5,5,
873,000873,FUERZA DE TAREA,28 FEBRERO 2020,9,1,178,10,39,108,108,0,6,6,
874,000874,FUERZA DE TAREA,28 FEBRERO 2020,30,1,581,10,45,108,108,0,6,6,
875,000875,FUERZA DE TAREA,28 FEBRERO 2020,30,1,581,10,46,126,126,0,7,7,
876,000876,FUERZA DE TAREA,28 FEBRERO 2020,30,1,581,10,39,126,126,0,7,7,
877,000877,FUERZA DE TAREA,28 FEBRERO 2020,30,1,581,10,25,108,108,0,6,6,
878,000878,FUERZA DE TAREA,28 FEBRERO 2020,30,1,581,10,46,126,126,0,7,7,
879,000879,FUERZA DE TAREA,28 FEBRERO 2020,30,1,581,10,39,180,180,0,10,10,
880,000880,FUERZA DE TAREA,28 FEBRERO 2020,30,1,581,10,25,108,108,0,6,6,
881,000881,FUERZA DE TAREA,28 FEBRERO 2020,30,1,581,10,41,180,180,0,10,10,
882,000882,FUERZA DE TAREA,02 MARZO 2020,15,2,260,10,25,180,180,0,10,10,SIN NOVEDAD
883,000883,FUERZA DE TAREA,02 MARZO 2020,13,2,391,10,39,180,180,0,10,10,SIN NOVEDAD
884,000884,FUERZA DE TAREA,02 MARZO 2020,13,2,391,10,25,144,144,0,8,8,SIN NOVEDAD
885,000885,FUERZA DE TAREA,02 MARZO 2020,13,2,391,10,39,90,90,0,5,5,SIN NOVEDAD
886,000886,FUERZA DE TAREA,02 MARZO 2020,55,2,582,10,41,144,144,0,8,8,SIN NOVEDAD
887,000887,FUERZA DE TAREA,02 MARZO 2020,55,2,582,10,39,126,126,0,7,7,SIN NOVEDAD
888,000888,FUERZA DE TAREA,02 MARZO 2020,55,2,582,10,25,90,90,0,5,5,SIN NOVEDAD
889,000889,FUERZA DE TAREA,02 MARZO 2020,10,2,291,10,25,180,180,0,10,10,SIN NOVEDAD
890,000890,FUERZA DE TAREA,02 MARZO 2020,10,2,291,10,39,36,36,0,2,2,SIN NOVEDAD
891,000891,FUERZA DE TAREA,02 MARZO 2020,2,2,59,10,39,180,180,0,10,10,SIN NOVEDAD
892,000892,FUERZA DE TAREA,02 MARZO 2020,20,2,399,10,39,108,108,0,6,6,SIN NOVEDAD
893,000893,FUERZA DE TAREA,02 MARZO 2020,21,2,143,10,39,180,180,0,10,10,SIN NOVEDAD
894,000894,FUERZA DE TAREA,02 MARZO 2020,11,2,403,10,39,144,144,0,8,8,SIN NOVEDAD
895,000895,FUERZA DE TAREA,02 MARZO 2020,9,2,178,10,25,90,90,0,5,5,SIN NOVEDAD
896,000896,FUERZA DE TAREA,02 MARZO 2020,30,2,33,10,39,108,108,0,6,6,SIN NOVEDAD
897,000897,FUERZA DE TAREA,02 MARZO 2020,30,2,33,10,25,72,72,0,4,4,SIN NOVEDAD
898,000898,FUERZA DE TAREA,02 MARZO 2020,30,2,33,10,39,72,72,0,4,4,SIN NOVEDAD
899,000899,FUERZA DE TAREA,02 MARZO 2020,30,2,33,10,25,126,126,0,7,7,SIN NOVEDAD
900,000900,FUERZA DE TAREA,02 MARZO 2020,30,2,33,10,39,72,72,0,4,4,SIN NOVEDAD
901,000901,FUERZA DE TAREA,02 MARZO 2020,30,2,33,10,39,144,144,0,8,8,SIN NOVEDAD
902,000902,FUERZA DE TAREA,02 MARZO 2020,30,2,33,10,25,162,162,0,9,9,SIN NOVEDAD
903,000903,FUERZA DE TAREA,03 MARZO 2020,20,2,256,10,25,108,108,0,6,6,
904,000904,FUERZA DE TAREA,03 MARZO 2020,1,2,11,10,39,180,180,0,10,10,
905,000905,FUERZA DE TAREA,03 MARZO 2020,1,2,11,10,41,162,162,0,9,9,
906,000906,FUERZA DE TAREA,03 MARZO 2020,15,2,39,10,39,162,162,0,9,9,
907,000907,FUERZA DE TAREA,03 MARZO 2020,15,2,39,10,39,180,180,0,10,10,
908,000908,FUERZA DE TAREA,03 MARZO 2020,55,2,583,10,39,180,180,0,10,10,
909,000909,FUERZA DE TAREA,03 MARZO 2020,55,2,583,10,25,144,144,0,8,8,
910,000910,FUERZA DE TAREA,03 MARZO 2020,55,2,583,10,39,144,144,0,8,8,
911,000911,FUERZA DE TAREA,03 MARZO 2020,55,2,583,10,39,144,144,0,8,8,
912,000912,FUERZA DE TAREA,03 MARZO 2020,55,2,583,10,39,18,18,0,1,1,
913,000913,FUERZA DE TAREA,03 MARZO 2020,8,2,35,10,25,54,54,0,3,3,
914,000914,FUERZA DE TAREA,03 MARZO 2020,8,2,35,10,25,162,162,0,9,9,
915,000915,FUERZA DE TAREA,03 MARZO 2020,21,2,238,10,25,180,180,0,10,10,
916,000916,FUERZA DE TAREA,03 MARZO 2020,21,2,238,10,39,144,144,0,8,8,
917,000917,FUERZA DE TAREA,03 MARZO 2020,9,2,178,10,39,144,144,0,8,8,
918,000918,FUERZA DE TAREA,03 MARZO 2020,13,2,391,10,25,126,126,0,7,7,
919,000919,FUERZA DE TAREA,03 MARZO 2020,13,2,391,10,39,180,180,0,10,10,
920,000920,FUERZA DE TAREA,03 MARZO 2020,30,2,33,10,25,36,36,0,2,2,
921,000921,FUERZA DE TAREA,03 MARZO 2020,30,2,33,10,46,144,144,0,8,8,
922,000922,FUERZA DE TAREA,03 MARZO 2020,30,2,33,10,39,90,90,0,5,5,
923,000923,FUERZA DE TAREA,03 MARZO 2020,30,2,33,10,39,108,108,0,6,6,
924,000924,FUERZA DE TAREA,03 MARZO 2020,30,2,33,10,46,90,90,0,5,5,
925,000925,FUERZA DE TAREA,03 MARZO 2020,30,2,33,10,41,108,108,0,6,6,
926,000926,FUERZA DE TAREA,03 MARZO 2020,30,2,33,10,25,108,108,0,6,6,
927,000927,FUERZA DE TAREA,03 MARZO 2020,11,2,403,10,46,180,180,0,10,10,
928,000928,FUERZA DE TAREA,03 MARZO 2020,2,2,59,10,25,162,162,0,9,9,
929,000929,FUERZA DE TAREA,03 MARZO 2020,10,2,291,10,39,90,90,0,5,5,
930,000930,FUERZA DE TAREA,04 MARZO 2020,11,2,403,10,41,162,162,0,9,9,
931,000931,FUERZA DE TAREA,04 MARZO 2020,55,2,584,10,39,72,72,0,4,4,
932,000932,FUERZA DE TAREA,04 MARZO 2020,55,2,584,10,25,108,108,0,6,6,
933,000933,FUERZA DE TAREA,04 MARZO 2020,55,2,584,10,39,18,18,0,1,1,
934,000934,FUERZA DE TAREA,04 MARZO 2020,1,2,12,10,25,180,180,0,10,10,
935,000935,FUERZA DE TAREA,04 MARZO 2020,1,2,12,10,25,180,180,0,10,10,
936,000936,FUERZA DE TAREA,04 MARZO 2020,10,2,461,10,39,180,180,0,10,10,
937,000937,FUERZA DE TAREA,04 MARZO 2020,13,2,30,10,39,162,162,0,9,9,
938,000938,FUERZA DE TAREA,04 MARZO 2020,13,2,30,10,39,180,180,0,10,10,
939,000939,FUERZA DE TAREA,04 MARZO 2020,13,2,30,10,39,180,180,0,10,10,
940,000940,FUERZA DE TAREA,04 MARZO 2020,21,2,143,10,25,144,144,0,8,8,
941,000941,FUERZA DE TAREA,04 MARZO 2020,14,2,586,10,25,180,180,0,10,10,
942,000942,FUERZA DE TAREA,04 MARZO 2020,8,2,426,10,25,18,18,0,1,1,
943,000943,FUERZA DE TAREA,04 MARZO 2020,8,2,426,10,46,162,162,0,9,9,
944,000944,FUERZA DE TAREA,04 MARZO 2020,15,2,430,10,25,162,162,0,9,9,
945,000945,FUERZA DE TAREA,04 MARZO 2020,15,2,430,10,39,108,108,0,6,6,
946,000946,FUERZA DE TAREA,04 MARZO 2020,9,2,178,10,39,162,162,0,9,9,
947,000947,FUERZA DE TAREA,04 MARZO 2020,2,2,59,10,39,180,180,0,10,10,
948,000948,FUERZA DE TAREA,04 MARZO 2020,20,2,399,10,25,90,90,0,5,5,
949,000949,FUERZA DE TAREA,04 MARZO 2020,30,2,33,10,39,90,90,0,5,5,
950,000950,FUERZA DE TAREA,04 MARZO 2020,30,2,33,10,46,126,126,0,7,7,
951,000951,FUERZA DE TAREA,04 MARZO 2020,30,2,33,10,25,54,54,0,3,3,
952,000952,FUERZA DE TAREA,04 MARZO 2020,30,2,33,10,39,108,108,0,6,6,
953,000953,FUERZA DE TAREA,04 MARZO 2020,30,2,33,10,39,162,162,0,9,9,
954,000954,FUERZA DE TAREA,04 MARZO 2020,30,2,33,10,46,144,144,0,8,8,
955,000955,FUERZA DE TAREA,04 MARZO 2020,30,2,33,10,46,90,90,0,5,5,
956,000956,FUERZA DE TAREA,04 MARZO 2020,30,2,33,10,25,90,90,0,5,5,
957,000957,FUERZA DE TAREA,04 MARZO 2020,14,2,586,10,39,126,126,0,7,7,
958,000958,FUERZA DE TAREA,05 MARZO 2020,5,2,510,10,41,18,18,0,1,1,
959,000959,FUERZA DE TAREA,05 MARZO 2020,13,2,391,10,39,180,180,0,10,10,
960,000960,FUERZA DE TAREA,05 MARZO 2020,1,2,11,10,39,180,180,0,10,10,
961,000961,FUERZA DE TAREA,05 MARZO 2020,1,2,11,10,39,180,180,0,10,10,
962,000962,FUERZA DE TAREA,05 MARZO 2020,15,2,260,10,39,162,162,0,9,9,
963,000963,FUERZA DE TAREA,05 MARZO 2020,11,2,403,10,39,180,180,0,10,10,
964,000964,FUERZA DE TAREA,05 MARZO 2020,2,2,59,10,39,180,180,0,10,10,
965,000965,FUERZA DE TAREA,05 MARZO 2020,20,2,169,10,39,90,90,0,5,5,
966,000966,FUERZA DE TAREA,05 MARZO 2020,9,2,178,10,39,126,126,0,7,7,
967,000967,FUERZA DE TAREA,05 MARZO 2020,30,2,33,10,39,72,72,0,4,4,
968,000968,FUERZA DE TAREA,05 MARZO 2020,30,2,33,10,39,126,126,0,7,7,
969,000969,FUERZA DE TAREA,05 MARZO 2020,30,2,33,10,39,126,126,0,7,7,
970,000970,FUERZA DE TAREA,05 MARZO 2020,30,2,33,10,39,90,90,0,5,5,
971,000971,FUERZA DE TAREA,05 MARZO 2020,30,2,33,10,39,108,108,0,6,6,
972,000972,FUERZA DE TAREA,05 MARZO 2020,30,2,33,10,46,108,108,0,6,6,
973,000973,FUERZA DE TAREA,05 MARZO 2020,30,2,33,10,46,144,144,0,8,8,
974,000974,FUERZA DE TAREA,05 MARZO 2020,30,2,33,10,46,126,126,0,7,7,
975,000975,FUERZA DE TAREA,05 MARZO 2020,21,2,238,10,39,180,180,0,10,10,
976,000976,FUERZA DE TAREA,05 MARZO 2020,21,2,238,10,41,162,162,0,9,9,
977,000977,FUERZA DE TAREA,05 MARZO 2020,10,2,291,10,41,126,126,0,7,7,
978,000978,FUERZA DE TAREA,05 MARZO 2020,43,2,476,10,39,180,180,0,10,10,
979,000979,FUERZA DE TAREA,06 MARZO 2020,1,2,56,10,25,180,180,0,10,10,
980,000980,FUERZA DE TAREA,06 MARZO 2020,5,2,587,10,39,18,18,0,1,1,
981,000981,FUERZA DE TAREA,06 MARZO 2020,20,2,256,10,39,72,72,0,4,4,
982,000982,FUERZA DE TAREA,06 MARZO 2020,13,2,101,10,41,180,180,0,10,10,
983,000983,FUERZA DE TAREA,06 MARZO 2020,13,2,101,10,39,162,162,0,9,9,
984,000984,FUERZA DE TAREA,06 MARZO 2020,15,2,39,10,39,180,180,0,10,10,
985,000985,FUERZA DE TAREA,06 MARZO 2020,15,2,39,10,25,50,50,0,1,1,SE LE MINISTRAN 50 CARTUCHOS AL DIRECTOR DE LA U.P.C. TEZONCO
986,000986,FUERZA DE TAREA,06 MARZO 2020,31,2,210,10,25,144,144,0,8,8,
987,000987,FUERZA DE TAREA,06 MARZO 2020,31,2,210,10,25,144,144,0,8,8,
988,000988,FUERZA DE TAREA,06 MARZO 2020,31,2,210,10,41,180,180,0,10,10,
989,000989,FUERZA DE TAREA,06 MARZO 2020,31,2,210,10,25,180,180,0,10,10,
990,000990,FUERZA DE TAREA,06 MARZO 2020,9,2,178,10,25,108,108,0,6,6,
991,000991,FUERZA DE TAREA,06 MARZO 2020,2,2,59,10,25,162,162,0,9,9,
992,000992,FUERZA DE TAREA,06 MARZO 2020,2,2,59,10,25,36,36,0,2,2,
993,000993,FUERZA DE TAREA,06 MARZO 2020,8,2,35,10,25,180,180,0,10,10,
994,000994,FUERZA DE TAREA,06 MARZO 2020,10,2,291,10,25,180,180,0,10,10,
995,000995,FUERZA DE TAREA,06 MARZO 2020,43,2,317,10,25,144,144,0,8,8,
996,000996,FUERZA DE TAREA,06 MARZO 2020,30,2,33,10,39,72,72,0,4,4,
997,000997,FUERZA DE TAREA,06 MARZO 2020,30,2,33,10,39,162,162,0,9,9,
998,000998,FUERZA DE TAREA,06 MARZO 2020,30,2,33,10,41,108,108,0,6,6,
999,000999,FUERZA DE TAREA,06 MARZO 2020,30,2,33,10,41,108,108,0,6,6,
1000,001000,FUERZA DE TAREA,06 MARZO 2020,30,2,33,10,41,126,126,0,7,7,
1001,001001,FUERZA DE TAREA,06 MARZO 2020,30,2,33,10,25,36,36,0,2,2,
1002,001002,FUERZA DE TAREA,06 MARZO 2020,30,2,33,10,41,108,108,0,6,6,
1003,001003,FUERZA DE TAREA,09 MARZO 2020,20,6,256,10,39,90,90,0,5,5,SIN NOVEDAD
1004,001004,FUERZA DE TAREA,09 MARZO 2020,14,6,424,10,39,108,108,0,6,6,
1005,001005,FUERZA DE TAREA,09 MARZO 2020,0,0,0,0,0,0,0,0,0,0,
1006,001006,FUERZA DE TAREA,09 MARZO 2020,13,6,101,10,25,162,162,0,9,9,
1007,001007,FUERZA DE TAREA,09 MARZO 2020,15,6,39,10,39,126,126,0,7,7,
1008,001008,FUERZA DE TAREA,09 MARZO 2020,2,6,59,10,25,180,180,0,10,10,
1009,001009,FUERZA DE TAREA,09 MARZO 2020,11,6,403,10,39,180,180,0,10,10,SIN NOVEDAD
1010,001010,FUERZA DE TAREA,09 MARZO 2020,9,6,178,10,25,108,108,0,6,6,
1011,001011,FUERZA DE TAREA,10 MARZO 2020,13,6,30,10,39,180,180,0,10,10,
1012,001012,FUERZA DE TAREA,10 MARZO 2020,13,6,30,10,41,54,54,0,3,3,
1013,001013,FUERZA DE TAREA,10 MARZO 2020,1,6,12,10,25,180,180,0,10,10,
1014,001014,FUERZA DE TAREA,10 MARZO 2020,1,6,12,10,39,180,180,0,10,10,
1015,001015,FUERZA DE TAREA,10 MARZO 2020,1,6,12,10,39,90,90,0,5,5,
1016,001016,FUERZA DE TAREA,10 MARZO 2020,2,6,307,10,41,162,162,0,9,9,
1017,001017,FUERZA DE TAREA,10 MARZO 2020,2,6,307,10,39,36,36,0,2,2,
1018,001018,FUERZA DE TAREA,10 MARZO 2020,20,6,399,10,39,90,90,0,5,5,
1019,001019,FUERZA DE TAREA,10 MARZO 2020,11,6,403,10,25,162,162,0,9,9,
1020,001020,FUERZA DE TAREA,10 MARZO 2020,58,6,588,10,39,144,144,0,8,8,
1021,001021,FUERZA DE TAREA,10 MARZO 2020,58,6,588,10,41,90,90,0,5,5,
1022,001022,FUERZA DE TAREA,10 MARZO 2020,58,6,588,10,25,72,72,0,4,4,
1023,001023,FUERZA DE TAREA,10 MARZO 2020,58,6,588,10,42,162,162,0,9,9,
1024,001024,FUERZA DE TAREA,10 MARZO 2020,58,6,588,10,39,54,54,0,3,3,
1025,001025,FUERZA DE TAREA,10 MARZO 2020,9,6,545,10,42,144,144,0,8,8,
1026,001026,FUERZA DE TAREA,10 MARZO 2020,30,6,33,10,25,108,108,0,6,6,
1027,001027,FUERZA DE TAREA,10 MARZO 2020,30,6,33,10,25,180,180,0,10,10,
1028,001028,FUERZA DE TAREA,10 MARZO 2020,30,6,33,10,42,126,126,0,7,7,
1029,001029,FUERZA DE TAREA,10 MARZO 2020,30,6,33,10,39,108,108,0,6,6,
1030,001030,FUERZA DE TAREA,10 MARZO 2020,30,6,33,10,39,144,144,0,8,8,
1031,001031,FUERZA DE TAREA,10 MARZO 2020,30,6,33,10,39,108,108,0,6,6,
1032,001032,FUERZA DE TAREA,10 MARZO 2020,30,6,33,10,41,162,162,0,9,9,
1033,001033,FUERZA DE TAREA,10 MARZO 2020,30,6,33,10,25,126,126,0,7,7,
1034,001034,FUERZA DE TAREA,10 MARZO 2020,10,6,291,10,39,126,126,0,7,7,
1035,001035,FUERZA DE TAREA,10 MARZO 2020,10,6,291,10,42,180,180,0,10,10,
1036,001036,FUERZA DE TAREA,11 MARZO 2020,11,3,403,10,39,162,162,0,9,9,
1037,001037,FUERZA DE TAREA,11 MARZO 2020,15,3,260,10,39,180,180,0,10,10,
1038,001038,FUERZA DE TAREA,11 MARZO 2020,15,3,260,10,25,144,144,0,8,8,
1039,001039,FUERZA DE TAREA,11 MARZO 2020,1,3,11,10,39,180,180,0,10,10,
1040,001040,FUERZA DE TAREA,11 MARZO 2020,1,3,11,10,25,180,180,0,10,10,
1041,001041,FUERZA DE TAREA,11 MARZO 2020,1,3,11,10,39,126,126,0,7,7,
1042,001042,FUERZA DE TAREA,11 MARZO 2020,32,3,422,10,39,162,162,0,9,9,
1043,001043,FUERZA DE TAREA,11 MARZO 2020,32,3,422,10,42,36,36,0,2,2,
1044,001044,FUERZA DE TAREA,11 MARZO 2020,13,3,391,10,25,108,108,0,6,6,
1045,001045,FUERZA DE TAREA,11 MARZO 2020,4,3,18,10,39,144,144,0,8,8,
1046,001046,FUERZA DE TAREA,11 MARZO 2020,4,3,18,10,42,180,180,0,10,10,
1047,001047,FUERZA DE TAREA,11 MARZO 2020,4,3,18,10,42,180,180,0,10,10,
1048,001048,FUERZA DE TAREA,11 MARZO 2020,58,3,278,10,25,180,180,0,10,10,
1049,001049,FUERZA DE TAREA,11 MARZO 2020,58,3,278,10,25,180,180,0,10,10,
1050,001050,FUERZA DE TAREA,11 MARZO 2020,58,3,278,10,42,108,108,0,6,6,
1051,001051,FUERZA DE TAREA,11 MARZO 2020,21,3,396,10,25,180,180,0,10,10,
1052,001052,FUERZA DE TAREA,11 MARZO 2020,21,3,396,10,39,180,180,0,10,10,
1053,001053,FUERZA DE TAREA,11 MARZO 2020,21,3,396,10,39,180,180,0,10,10,
1054,001054,FUERZA DE TAREA,11 MARZO 2020,2,3,59,10,41,36,36,0,2,2,
1055,001055,FUERZA DE TAREA,11 MARZO 2020,2,3,59,10,39,180,180,0,10,10,
1056,001056,FUERZA DE TAREA,11 MARZO 2020,10,3,291,10,42,126,126,0,7,7,
1057,001057,FUERZA DE TAREA,11 MARZO 2020,9,3,178,10,41,180,180,0,10,10,
1058,001058,FUERZA DE TAREA,11 MARZO 2020,8,3,21,10,39,180,180,0,10,10,
1059,001059,FUERZA DE TAREA,11 MARZO 2020,8,3,21,10,42,162,162,0,9,9,
1060,001060,FUERZA DE TAREA,11 MARZO 2020,30,3,33,10,39,144,144,0,8,8,
1061,001061,FUERZA DE TAREA,11 MARZO 2020,30,3,33,10,25,144,144,0,8,8,
1062,001062,FUERZA DE TAREA,11 MARZO 2020,30,3,33,10,39,144,144,0,8,8,
1063,001063,FUERZA DE TAREA,11 MARZO 2020,30,3,33,10,42,144,144,0,8,8,
1064,001064,FUERZA DE TAREA,11 MARZO 2020,30,3,33,10,42,180,180,0,10,10,
1065,001065,FUERZA DE TAREA,11 MARZO 2020,30,3,33,10,46,144,144,0,8,8,
1066,001066,FUERZA DE TAREA,11 MARZO 2020,30,3,33,10,42,126,126,0,7,7,
1067,001067,FUERZA DE TAREA,11 MARZO 2020,30,3,33,10,46,90,90,0,5,5,
1068,001068,FUERZA DE TAREA,11 MARZO 2020,30,3,33,10,42,180,180,0,10,10,
1069,001069,FUERZA DE TAREA,11 MARZO 2020,30,3,33,10,39,180,180,0,10,10,
1070,001070,FUERZA DE TAREA,11 MARZO 2020,30,3,33,10,41,180,180,0,10,10,
1071,001071,FUERZA DE TAREA,11 MARZO 2020,20,3,169,10,41,108,108,0,6,6,
1072,001072,FUERZA DE TAREA,12 MARZO 2020,1,3,11,10,25,180,180,0,10,10,
1073,001073,FUERZA DE TAREA,12 MARZO 2020,1,3,11,10,39,180,180,0,10,10,
1074,001074,FUERZA DE TAREA,12 MARZO 2020,1,3,11,10,41,36,36,0,2,2,
1075,001075,FUERZA DE TAREA,12 MARZO 2020,14,3,551,10,39,144,144,0,8,8,
1076,001076,FUERZA DE TAREA,12 MARZO 2020,14,3,551,10,25,18,18,0,1,1,
1077,001077,FUERZA DE TAREA,12 MARZO 2020,13,3,101,10,39,72,72,0,4,4,
1078,001078,FUERZA DE TAREA,12 MARZO 2020,13,3,101,10,25,162,162,0,9,9,
1079,001079,FUERZA DE TAREA,12 MARZO 2020,20,3,256,10,39,108,108,0,6,6,
1080,001080,FUERZA DE TAREA,12 MARZO 2020,11,3,403,10,41,162,162,0,9,9,
1081,001081,FUERZA DE TAREA,12 MARZO 2020,32,3,415,10,25,90,90,0,5,5,
1082,001082,FUERZA DE TAREA,12 MARZO 2020,32,3,415,10,39,162,162,0,9,9,
1083,001083,FUERZA DE TAREA,12 MARZO 2020,15,3,39,10,25,169,169,0,9,9,SE LE MINISTRAN 25 CARTUCHOS AL SUB DIRECTOR DE LA U.P.C. TEZONCO
1084,001084,FUERZA DE TAREA,12 MARZO 2020,4,3,18,10,25,162,162,0,9,9,
1085,001085,FUERZA DE TAREA,12 MARZO 2020,4,3,18,10,39,90,90,0,5,5,
1086,001086,FUERZA DE TAREA,12 MARZO 2020,4,3,18,10,25,162,162,0,9,9,
1087,001087,FUERZA DE TAREA,12 MARZO 2020,4,3,18,10,46,144,144,0,8,8,
1088,001088,FUERZA DE TAREA,12 MARZO 2020,8,3,35,10,39,180,180,0,10,10,
1089,001089,FUERZA DE TAREA,12 MARZO 2020,2,3,59,10,39,36,36,0,2,2,
1090,001090,FUERZA DE TAREA,12 MARZO 2020,10,3,291,10,39,90,90,0,5,5,
1091,001091,FUERZA DE TAREA,12 MARZO 2020,21,3,143,10,25,180,180,0,10,10,
1092,001092,FUERZA DE TAREA,12 MARZO 2020,21,3,143,10,39,162,162,0,9,9,
1093,001093,FUERZA DE TAREA,12 MARZO 2020,30,3,33,10,25,162,162,0,9,9,
1094,001094,FUERZA DE TAREA,12 MARZO 2020,30,3,33,10,42,180,180,0,10,10,
1095,001095,FUERZA DE TAREA,12 MARZO 2020,30,3,33,10,42,126,126,0,7,7,
1096,001096,FUERZA DE TAREA,12 MARZO 2020,30,3,33,10,39,144,144,0,8,8,
1097,001097,FUERZA DE TAREA,12 MARZO 2020,30,3,33,10,42,180,180,0,10,10,
1098,001098,FUERZA DE TAREA,12 MARZO 2020,30,3,33,10,39,180,180,0,10,10,
1099,001099,FUERZA DE TAREA,12 MARZO 2020,30,3,33,10,39,180,180,0,10,10,
1100,001100,FUERZA DE TAREA,12 MARZO 2020,30,3,33,10,39,144,144,0,8,8,
1101,001101,FUERZA DE TAREA,12 MARZO 2020,30,3,33,10,39,144,144,0,8,8,
1102,001102,FUERZA DE TAREA,12 MARZO 2020,30,3,33,10,41,162,162,0,9,9,
1103,001103,FUERZA DE TAREA,12 MARZO 2020,30,3,33,10,42,126,126,0,7,7,
1104,001104,FUERZA DE TAREA,12 MARZO 2020,9,3,545,10,41,180,180,0,10,10,
1105,001105,FUERZA DE TAREA,12 MARZO 2020,2,3,59,10,41,162,162,0,9,9,
1106,001106,FUERZA DE TAREA,12 MARZO 2020,58,3,285,10,41,180,180,0,10,10,
1107,001107,FUERZA DE TAREA,13 MARZO 2020,14,3,547,10,25,162,162,0,9,9,
1108,001108,FUERZA DE TAREA,13 MARZO 2020,15,3,83,10,25,180,180,0,10,10,
1109,001109,FUERZA DE TAREA,13 MARZO 2020,10,3,349,10,25,90,90,0,5,5,
1110,001110,FUERZA DE TAREA,13 MARZO 2020,32,3,508,10,25,162,162,0,9,9,
1111,001111,FUERZA DE TAREA,13 MARZO 2020,32,3,508,10,25,54,54,0,3,3,
1112,001112,FUERZA DE TAREA,13 MARZO 2020,13,3,30,10,25,180,180,0,10,10,
1113,001113,FUERZA DE TAREA,13 MARZO 2020,13,3,30,10,25,72,72,0,4,4,
1114,001114,FUERZA DE TAREA,13 MARZO 2020,21,3,143,10,25,162,162,0,9,9,
1115,001115,FUERZA DE TAREA,13 MARZO 2020,21,3,143,10,41,180,180,0,10,10,
1116,001116,FUERZA DE TAREA,13 MARZO 2020,9,3,178,10,25,108,108,0,6,6,
1117,001117,FUERZA DE TAREA,13 MARZO 2020,8,3,21,10,25,90,90,0,5,5,
1118,001118,FUERZA DE TAREA,13 MARZO 2020,8,3,21,10,25,180,180,0,10,10,
1119,001119,FUERZA DE TAREA,13 MARZO 2020,2,3,59,10,46,162,162,0,9,9,
1120,001120,FUERZA DE TAREA,13 MARZO 2020,20,3,399,10,25,72,72,0,4,4,
1121,001121,FUERZA DE TAREA,13 MARZO 2020,30,3,33,10,46,180,180,0,10,10,
1122,001122,FUERZA DE TAREA,13 MARZO 2020,30,3,33,10,25,50,50,0,1,1,SE LE MINISTRAN 50 CARTUCHOS AL DIRECTOR DE LA U.P.M. FUERZA DE TAREA
1123,001123,FUERZA DE TAREA,13 MARZO 2020,30,3,33,10,46,144,144,0,8,8,
1124,001124,FUERZA DE TAREA,13 MARZO 2020,30,3,33,10,25,72,72,0,4,4,
1125,001125,FUERZA DE TAREA,13 MARZO 2020,30,3,33,10,25,144,144,0,8,8,
1126,001126,FUERZA DE TAREA,13 MARZO 2020,30,3,33,10,25,126,126,0,7,7,
1127,001127,FUERZA DE TAREA,13 MARZO 2020,30,3,33,10,25,126,126,0,7,7,
1128,001128,FUERZA DE TAREA,13 MARZO 2020,30,3,33,10,25,180,180,0,10,10,
1129,001129,FUERZA DE TAREA,13 MARZO 2020,30,3,33,10,46,169,169,0,9,9,SE LE MINISTRAN 25 CARTUCHOS AL SUB DIRECTOR DE LA U.P.M. FUERZA DE TAREA
1130,001130,FUERZA DE TAREA,13 MARZO 2020,30,3,33,10,41,144,144,0,8,8,
1131,001131,FUERZA DE TAREA,13 MARZO 2020,43,3,317,10,25,90,90,0,5,5,
1132,001132,FUERZA DE TAREA,13 MARZO 2020,11,3,403,10,46,180,180,0,10,10,
1133,001133,FUERZA DE TAREA,17 MARZO 2020,15,6,430,10,25,72,72,0,4,4,
1134,001134,FUERZA DE TAREA,17 MARZO 2020,15,6,430,10,39,162,162,0,9,9,
1135,001135,FUERZA DE TAREA,17 MARZO 2020,1,6,56,10,25,162,162,0,9,9,
1136,001136,FUERZA DE TAREA,17 MARZO 2020,1,6,56,10,39,180,180,0,10,10,
1137,001137,FUERZA DE TAREA,17 MARZO 2020,13,6,391,10,39,144,144,0,8,8,
1138,001138,FUERZA DE TAREA,17 MARZO 2020,13,6,391,10,39,162,162,0,9,9,
1139,001139,FUERZA DE TAREA,17 MARZO 2020,13,6,391,10,25,90,90,0,5,5,
1140,001140,FUERZA DE TAREA,17 MARZO 2020,47,6,428,10,39,144,144,0,8,8,
1141,001141,FUERZA DE TAREA,17 MARZO 2020,47,6,428,10,25,162,162,0,9,9,
1142,001142,FUERZA DE TAREA,17 MARZO 2020,55,6,279,10,39,90,90,0,5,5,
1143,001143,FUERZA DE TAREA,17 MARZO 2020,55,6,279,10,41,144,144,0,8,8,
1144,001144,FUERZA DE TAREA,17 MARZO 2020,10,6,553,10,39,54,54,0,3,3,
1145,001145,FUERZA DE TAREA,17 MARZO 2020,10,6,553,10,25,126,126,0,7,7,
1146,001146,FUERZA DE TAREA,17 MARZO 2020,11,6,403,10,41,180,180,0,10,10,
1147,001147,FUERZA DE TAREA,17 MARZO 2020,8,6,21,10,39,180,180,0,10,10,
1148,001148,FUERZA DE TAREA,17 MARZO 2020,8,6,590,10,25,162,162,0,9,9,
1149,001149,FUERZA DE TAREA,17 MARZO 2020,30,6,33,10,39,126,126,0,7,7,
1150,001150,FUERZA DE TAREA,17 MARZO 2020,30,6,33,10,39,108,108,0,6,6,
1151,001151,FUERZA DE TAREA,17 MARZO 2020,30,6,33,10,25,90,90,0,5,5,
1152,001152,FUERZA DE TAREA,17 MARZO 2020,30,6,33,10,39,144,144,0,8,8,
1153,001153,FUERZA DE TAREA,17 MARZO 2020,30,6,33,10,39,108,108,0,6,6,
1154,001154,FUERZA DE TAREA,17 MARZO 2020,19,6,455,10,41,180,180,0,10,10,
1155,001155,FUERZA DE TAREA,17 MARZO 2020,19,6,455,10,25,180,180,0,10,10,
1156,001156,FUERZA DE TAREA,17 MARZO 2020,19,6,455,10,25,36,36,0,2,2,
1157,001157,FUERZA DE TAREA,17 MARZO 2020,9,6,535,10,25,180,180,0,10,10,
1158,001158,FUERZA DE TAREA,17 MARZO 2020,2,6,59,10,41,144,144,0,8,8,
1159,001159,FUERZA DE TAREA,17 MARZO 2020,20,6,399,10,25,54,54,0,3,3,
1160,001160,FUERZA DE TAREA,18 MARZO 2020,11,6,403,10,39,144,144,0,8,8,
1161,001161,FUERZA DE TAREA,18 MARZO 2020,20,6,256,10,42,72,72,0,4,4,
1162,001162,FUERZA DE TAREA,18 MARZO 2020,55,6,591,10,39,162,162,0,9,9,
1163,001163,FUERZA DE TAREA,18 MARZO 2020,55,6,591,10,25,36,36,0,2,2,
1164,001164,FUERZA DE TAREA,18 MARZO 2020,55,6,591,10,25,180,180,0,10,10,
1165,001165,FUERZA DE TAREA,18 MARZO 2020,55,6,591,10,42,54,54,0,3,3,
1166,001166,FUERZA DE TAREA,18 MARZO 2020,47,6,428,10,25,126,126,0,7,7,
1167,001167,FUERZA DE TAREA,18 MARZO 2020,47,6,428,10,42,90,90,0,5,5,
1168,001168,FUERZA DE TAREA,18 MARZO 2020,1,6,207,10,39,180,180,0,10,10,
1169,001169,FUERZA DE TAREA,18 MARZO 2020,1,6,207,10,25,180,180,0,10,10,
1170,001170,FUERZA DE TAREA,18 MARZO 2020,1,6,207,10,39,54,54,0,3,3,
1171,001171,FUERZA DE TAREA,18 MARZO 2020,13,6,592,10,42,126,126,0,7,7,
1172,001172,FUERZA DE TAREA,18 MARZO 2020,13,6,592,10,25,108,108,0,6,6,
1173,001173,FUERZA DE TAREA,18 MARZO 2020,13,6,592,10,25,162,162,0,9,9,
1174,001174,FUERZA DE TAREA,18 MARZO 2020,13,6,592,10,25,126,126,0,7,7,
1175,001175,FUERZA DE TAREA,18 MARZO 2020,15,6,39,10,25,180,180,0,10,10,
1176,001176,FUERZA DE TAREA,18 MARZO 2020,15,6,39,10,25,126,126,0,7,7,
1177,001177,FUERZA DE TAREA,18 MARZO 2020,53,6,528,10,39,18,18,0,1,1,
1178,001178,FUERZA DE TAREA,18 MARZO 2020,4,6,18,10,39,162,162,0,9,9,
1179,001179,FUERZA DE TAREA,18 MARZO 2020,30,6,33,10,39,36,36,0,2,2,
1180,001180,FUERZA DE TAREA,18 MARZO 2020,30,6,33,10,39,90,90,0,5,5,
1181,001181,FUERZA DE TAREA,18 MARZO 2020,30,6,33,10,39,108,108,0,6,6,
1182,001182,FUERZA DE TAREA,18 MARZO 2020,30,6,33,10,41,108,108,0,6,6,
1183,001183,FUERZA DE TAREA,18 MARZO 2020,30,6,33,10,41,90,90,0,5,5,
1184,001184,FUERZA DE TAREA,18 MARZO 2020,2,6,59,10,25,162,162,0,9,9,
1185,001185,FUERZA DE TAREA,18 MARZO 2020,8,6,35,10,39,180,180,0,10,10,
1186,001186,FUERZA DE TAREA,18 MARZO 2020,19,6,455,10,39,180,180,0,10,10,
1187,001187,FUERZA DE TAREA,18 MARZO 2020,19,6,455,10,39,144,144,0,8,8,
1188,001188,FUERZA DE TAREA,18 MARZO 2020,19,6,455,10,25,162,162,0,9,9,
1189,001189,FUERZA DE TAREA,18 MARZO 2020,9,6,545,10,42,144,144,0,8,8,
1190,001190,FUERZA DE TAREA,18 MARZO 2020,9,6,545,10,46,72,72,0,4,4,
1191,001191,FUERZA DE TAREA,18 MARZO 2020,10,6,291,10,46,108,108,0,6,6,
1192,001192,FUERZA DE TAREA,19 MARZO 2020,15,6,83,10,46,180,180,0,10,10,
1193,001193,FUERZA DE TAREA,19 MARZO 2020,15,6,83,10,25,144,144,0,8,8,
1194,001194,FUERZA DE TAREA,19 MARZO 2020,15,6,83,10,25,180,180,0,10,10,
1195,001195,FUERZA DE TAREA,19 MARZO 2020,1,6,12,10,39,180,180,0,10,10,
1196,001196,FUERZA DE TAREA,19 MARZO 2020,1,6,12,10,25,144,144,0,8,8,
1197,001197,FUERZA DE TAREA,19 MARZO 2020,13,6,30,10,46,144,144,0,8,8,
1198,001198,FUERZA DE TAREA,19 MARZO 2020,13,6,30,10,39,144,144,0,8,8,
1199,001199,FUERZA DE TAREA,19 MARZO 2020,13,6,30,10,25,144,144,0,8,8,
1200,001200,FUERZA DE TAREA,19 MARZO 2020,55,6,593,10,46,90,90,0,5,5,
1201,001201,FUERZA DE TAREA,19 MARZO 2020,55,6,593,10,25,90,90,0,5,5,
1202,001202,FUERZA DE TAREA,19 MARZO 2020,55,6,593,10,25,18,18,0,1,1,
1203,001203,FUERZA DE TAREA,19 MARZO 2020,47,6,428,10,25,180,180,0,10,10,
1204,001204,FUERZA DE TAREA,19 MARZO 2020,47,6,428,10,25,180,180,0,10,10,
1205,001205,FUERZA DE TAREA,19 MARZO 2020,31,6,294,10,39,180,180,0,10,10,
1206,001206,FUERZA DE TAREA,19 MARZO 2020,31,6,294,10,25,144,144,0,8,8,
1207,001207,FUERZA DE TAREA,19 MARZO 2020,31,6,294,10,25,162,162,0,9,9,
1208,001208,FUERZA DE TAREA,19 MARZO 2020,31,6,294,10,25,162,162,0,9,9,
1209,001209,FUERZA DE TAREA,19 MARZO 2020,30,6,33,10,41,72,72,0,4,4,
1210,001210,FUERZA DE TAREA,19 MARZO 2020,30,6,33,10,41,72,72,0,4,4,
1211,001211,FUERZA DE TAREA,19 MARZO 2020,30,6,33,10,25,36,36,0,2,2,
1212,001212,FUERZA DE TAREA,19 MARZO 2020,8,6,21,10,46,126,126,0,7,7,
1213,001213,FUERZA DE TAREA,19 MARZO 2020,8,6,21,10,46,180,180,0,10,10,
1214,001214,FUERZA DE TAREA,19 MARZO 2020,2,6,59,10,41,144,144,0,8,8,
1215,001215,FUERZA DE TAREA,19 MARZO 2020,20,6,399,10,25,90,90,0,5,5,
1216,001216,FUERZA DE TAREA,19 MARZO 2020,19,6,455,10,41,144,144,0,8,8,
1217,001217,FUERZA DE TAREA,19 MARZO 2020,19,6,455,10,46,126,126,0,7,7,
1218,001218,FUERZA DE TAREA,19 MARZO 2020,9,6,535,10,25,90,90,0,5,5,
1219,001219,FUERZA DE TAREA,20 MARZO 2020,13,6,391,10,25,54,54,0,3,3,SIN NOVEDAD
1220,001220,FUERZA DE TAREA,20 MARZO 2020,13,6,391,10,42,180,180,0,10,10,SIN NOVEDAD
1221,001221,FUERZA DE TAREA,20 MARZO 2020,15,6,83,10,39,90,90,0,5,5,SIN NOVEDAD
1222,001222,FUERZA DE TAREA,20 MARZO 2020,15,6,83,10,41,180,180,0,10,10,SIN NOVEDAD
1223,001223,FUERZA DE TAREA,20 MARZO 2020,15,6,83,10,42,144,144,0,8,8,SIN NOVEDAD
1224,001224,FUERZA DE TAREA,20 MARZO 2020,8,6,21,10,39,144,144,0,8,8,SIN NOVEDAD
1225,001225,FUERZA DE TAREA,20 MARZO 2020,2,6,59,10,25,162,162,0,9,9,SIN NOVEDAD
1226,001226,FUERZA DE TAREA,20 MARZO 2020,2,6,59,10,25,54,54,0,3,3,SIN NOVEDAD
1227,001227,FUERZA DE TAREA,20 MARZO 2020,20,6,399,10,41,54,54,0,3,3,SIN NOVEDAD
1228,001228,FUERZA DE TAREA,20 MARZO 2020,30,6,33,10,41,90,90,0,5,5,SIN NOVEDAD
1229,001229,FUERZA DE TAREA,20 MARZO 2020,30,6,33,10,42,144,144,0,8,8,SIN NOVEDAD
1230,001230,FUERZA DE TAREA,20 MARZO 2020,30,6,33,10,42,54,54,0,3,3,SIN NOVEDAD
1231,001231,FUERZA DE TAREA,20 MARZO 2020,9,6,545,10,41,72,72,0,4,4,SIN NOVEDAD
1232,001232,FUERZA DE TAREA,17 MAYO 2020,11,6,366,10,46,360,348,12,16,20,HOLA MUNDO DE GUSTAVO ANGULO
1233,001233,FUERZA DE TAREA,17 MAYO 2020,14,6,544,10,46,180,172,8,20,10,HOLA MUNDO GUSTAVO ANGULO TEMPLO DEL SEOR
1234,001234,FUERZA DE TAREA,17 MAYO 2020,14,6,544,10,40,180,178,2,20,10,GUSTAVO ESTE FOLIO ES 1234
1235,001235,FUERZA DE TAREA,17 MAYO 2020,14,6,544,10,46,180,178,2,20,10,EXCELENTE MUNDO CRUEL
1236,001236,FUERZA DE TAREA,17 MAYO 2020,14,3,466,10,40,360,348,12,20,20,sigueinte prueba genial de folio
1237,001237,FUERZA DE TAREA,17 MAYO 2020,18,2,272,10,46,180,178,2,10,10,SOLO PRUEBAS DE FOLIOS EXTRAORDINARIOS
1238,001238,FUERZA DE TAREA,17 MAYO 2020,1,1,272,10,40,18,16,2,0,1,SIN NOVEDAD
1239,001239,FUERZA DE TAREA,17 MAYO 2020,1,1,272,10,40,198,196,2,20,11,SIN NOVEDAD
1240,001240,FUERZA DE TAREA,17 MAYO 2020,1,1,272,10,40,198,196,2,20,11,SIN NOVEDAD
1241,001241,FUERZA DE TAREA,17 MAYO 2020,1,1,272,10,40,198,196,2,20,11,SIN NOVEDAD
1242,001242,FUERZA DE TAREA,17 MAYO 2020,1,2,272,10,40,180,168,12,10,10,SIN NOVEDAD
1243,001243,FUERZA DE TAREA,17 MAYO 2020,1,2,272,10,46,180,175,5,10,10,SIN NOVEDAD
1244,001244,FUERZA DE TAREA,18 MAYO 2020,1,6,207,10,46,360,348,12,15,20,sin novedad solp ruebas de PDF
1245,001245,FUERZA DE TAREA,05 JULIO 2020,13,1,594,10,42,25,48,2,1,1,se le ministraron 50cartuchos
1246,001246,FUERZA DE TAREA,05 JULIO 2020,13,2,594,10,44,25,20,5,1,1,
1247,001247,FUERZA DE TAREA,09 JULIO 2020,1,1,272,10,46,212,206,6,10,10,SOLO PRUEBAS
1248,001248,FUERZA DE TAREA,10 JULIO 2020,3,2,16,10,39,122,120,2,5,5,SE ENTREGARON 50 CARTUCHOS EL DIRECTOR
1249,001249,FUERZA DE TAREA,11 JULIO 2020,1,1,272,10,46,302,233,69,15,15,hola mundo
1250,001250,FUERZA DE TAREA,11 JULIO 2020,1,8,272,11,15,212,197,15,10,10,SIN NOVEDAD
1251,001251,FUERZA DE TAREA,11 JULIO 2020,1,1,272,10,46,133,121,12,7,7,pruebas
